orig_file,sanit_file,abs_dir,rel_dir
LSOA_1st_April_population_estimates.fst,LSOA.1st.April.population.estimates.fst,/home/ckyprid/My_Models/IMPACTncd_Engl/inputs/pop_estimates_lsoa,/inputs/pop_estimates_lsoa
LSOA_mid_year_population_estimates.fst,LSOA.mid.year.population.estimates.fst,/home/ckyprid/My_Models/IMPACTncd_Engl/inputs/pop_estimates_lsoa,/inputs/pop_estimates_lsoa
PARF_af_1a8e4c36131edd8cfb129e258e6e5fe3.fst,PARF.af.1a8e4c36131edd8cfb129e258e6e5fe3.fst,/home/ckyprid/My_Models/IMPACTncd_Engl/simulation/parf,/simulation/parf
PARF_af_51c8347b73b552ef06ee17eef2a50fac.fst,PARF.af.51c8347b73b552ef06ee17eef2a50fac.fst,/home/ckyprid/My_Models/IMPACTncd_Engl/simulation/parf,/simulation/parf
PARF_af_fe13c68685b6e2b04f1df621a19d09ce.qs,PARF.af.fe13c68685b6e2b04f1df621a19d09ce.qs,/home/ckyprid/My_Models/IMPACTncd_Engl/simulation/parf,/simulation/parf
PARF_asthma_2a99ae39688332e72c3d72a2accc9bd7.qs,PARF.asthma.2a99ae39688332e72c3d72a2accc9bd7.qs,/home/ckyprid/My_Models/IMPACTncd_Engl/simulation/parf,/simulation/parf
PARF_asthma_87edbb6fa199f6ee8b9bbe6326e566b2.qs,PARF.asthma.87edbb6fa199f6ee8b9bbe6326e566b2.qs,/home/ckyprid/My_Models/IMPACTncd_Engl/simulation/parf,/simulation/parf
PARF_asthma_f508b42b04b9a39661475d723214daf1.fst,PARF.asthma.f508b42b04b9a39661475d723214daf1.fst,/home/ckyprid/My_Models/IMPACTncd_Engl/simulation/parf,/simulation/parf
PARF_breast_ca_c577fb234418aa53b5d847d6c7524238.fst,PARF.breast.ca.c577fb234418aa53b5d847d6c7524238.fst,/home/ckyprid/My_Models/IMPACTncd_Engl/simulation/parf,/simulation/parf
PARF_breast_ca_f4cfff4382afec5866f9e3d49955f609.qs,PARF.breast.ca.f4cfff4382afec5866f9e3d49955f609.qs,/home/ckyprid/My_Models/IMPACTncd_Engl/simulation/parf,/simulation/parf
PARF_chd_349e38b1aa30bbeb7cdfd027043089ad.qs,PARF.chd.349e38b1aa30bbeb7cdfd027043089ad.qs,/home/ckyprid/My_Models/IMPACTncd_Engl/simulation/parf,/simulation/parf
PARF_chd_62a251f25ac6e43ffe877498f712241b.fst,PARF.chd.62a251f25ac6e43ffe877498f712241b.fst,/home/ckyprid/My_Models/IMPACTncd_Engl/simulation/parf,/simulation/parf
PARF_chd_f3faaa36be60fb973999ea07032329d4.fst,PARF.chd.f3faaa36be60fb973999ea07032329d4.fst,/home/ckyprid/My_Models/IMPACTncd_Engl/simulation/parf,/simulation/parf
PARF_ckd_47fc666ac046c6dfa6ac04a467ea1394.fst,PARF.ckd.47fc666ac046c6dfa6ac04a467ea1394.fst,/home/ckyprid/My_Models/IMPACTncd_Engl/simulation/parf,/simulation/parf
PARF_ckd_cf05c9900f7761ad445671e11be5d4bd.fst,PARF.ckd.cf05c9900f7761ad445671e11be5d4bd.fst,/home/ckyprid/My_Models/IMPACTncd_Engl/simulation/parf,/simulation/parf
PARF_ckd_e9d84bcdd6e95d615c8b2bc93d321924.qs,PARF.ckd.e9d84bcdd6e95d615c8b2bc93d321924.qs,/home/ckyprid/My_Models/IMPACTncd_Engl/simulation/parf,/simulation/parf
PARF_colorectal_ca_0b539e262e0f234fc0eaca8389992136.fst,PARF.colorect.ca.0b539e262e0f234fc0eaca8389992136.fst,/home/ckyprid/My_Models/IMPACTncd_Engl/simulation/parf,/simulation/parf
PARF_colorectal_ca_4ba44914f5a2ecfa352025e08f59eb7e.fst,PARF.colorect.ca.4ba44914f5a2ecfa352025e08f59eb7e.fst,/home/ckyprid/My_Models/IMPACTncd_Engl/simulation/parf,/simulation/parf
PARF_colorectal_ca_c14219197c1bb4cc1a63c600769c8da8.qs,PARF.colorect.ca.c14219197c1bb4cc1a63c600769c8da8.qs,/home/ckyprid/My_Models/IMPACTncd_Engl/simulation/parf,/simulation/parf
PARF_copd_388e34336ed29d46cd909567532d7353.fst,PARF.copd.388e34336ed29d46cd909567532d7353.fst,/home/ckyprid/My_Models/IMPACTncd_Engl/simulation/parf,/simulation/parf
PARF_copd_a6b7ad7ebee2fe15460824feb8d086c4.fst,PARF.copd.a6b7ad7ebee2fe15460824feb8d086c4.fst,/home/ckyprid/My_Models/IMPACTncd_Engl/simulation/parf,/simulation/parf
PARF_copd_a76f89e84f4ff4d3f8bdd4b741f8058c.qs,PARF.copd.a76f89e84f4ff4d3f8bdd4b741f8058c.qs,/home/ckyprid/My_Models/IMPACTncd_Engl/simulation/parf,/simulation/parf
PARF_dementia_3ea29f1eb65193c1f79c3cc52ed18a81.fst,PARF.dementia.3ea29f1eb65193c1f79c3cc52ed18a81.fst,/home/ckyprid/My_Models/IMPACTncd_Engl/simulation/parf,/simulation/parf
PARF_dementia_70cd9d2cfc0b121daae2f965ae605fc3.qs,PARF.dementia.70cd9d2cfc0b121daae2f965ae605fc3.qs,/home/ckyprid/My_Models/IMPACTncd_Engl/simulation/parf,/simulation/parf
PARF_dementia_e0084b6bb2121e9259d0ae604bb1ca6d.fst,PARF.dementia.e0084b6bb2121e9259d0ae604bb1ca6d.fst,/home/ckyprid/My_Models/IMPACTncd_Engl/simulation/parf,/simulation/parf
PARF_htn_815a2647a1ef9b6bbe4fc37cc62bbba0.fst,PARF.htn.815a2647a1ef9b6bbe4fc37cc62bbba0.fst,/home/ckyprid/My_Models/IMPACTncd_Engl/simulation/parf,/simulation/parf
PARF_htn_f635c6f5eafdecd4edbe4790eda1d22d.qs,PARF.htn.f635c6f5eafdecd4edbe4790eda1d22d.qs,/home/ckyprid/My_Models/IMPACTncd_Engl/simulation/parf,/simulation/parf
PARF_htn_fca5c9cc743bdfa8a1eaca136134212e.fst,PARF.htn.fca5c9cc743bdfa8a1eaca136134212e.fst,/home/ckyprid/My_Models/IMPACTncd_Engl/simulation/parf,/simulation/parf
PARF_lung_ca_10104302d07f39c8b99a6807c84d2bb8.fst,PARF.lung.ca.10104302d07f39c8b99a6807c84d2bb8.fst,/home/ckyprid/My_Models/IMPACTncd_Engl/simulation/parf,/simulation/parf
PARF_lung_ca_2aeb20d7b36ab56fe058b55f77d56f21.fst,PARF.lung.ca.2aeb20d7b36ab56fe058b55f77d56f21.fst,/home/ckyprid/My_Models/IMPACTncd_Engl/simulation/parf,/simulation/parf
PARF_lung_ca_33291cff24408c6cd4bac8b3f40a615b.qs,PARF.lung.ca.33291cff24408c6cd4bac8b3f40a615b.qs,/home/ckyprid/My_Models/IMPACTncd_Engl/simulation/parf,/simulation/parf
PARF_nonmodelled_41c55e24bfa2871c75b697847c47ef84.fst,PARF.nonmodelled.41c55e24bfa2871c75b697847c47ef84.fst,/home/ckyprid/My_Models/IMPACTncd_Engl/simulation/parf,/simulation/parf
PARF_nonmodelled_9e7a8a47cfe808390e97fa5c672b5213.fst,PARF.nonmodelled.9e7a8a47cfe808390e97fa5c672b5213.fst,/home/ckyprid/My_Models/IMPACTncd_Engl/simulation/parf,/simulation/parf
PARF_nonmodelled_d70dea5f295cb5ea39f91633da9117c7.qs,PARF.nonmodelled.d70dea5f295cb5ea39f91633da9117c7.qs,/home/ckyprid/My_Models/IMPACTncd_Engl/simulation/parf,/simulation/parf
PARF_prostate_ca_2d1b53d0991a906eef6d75ceee47c2fb.fst,PARF.prostate.ca.2d1b53d0991a906eef6d75ceee47c2fb.fst,/home/ckyprid/My_Models/IMPACTncd_Engl/simulation/parf,/simulation/parf
PARF_prostate_ca_67ea062c4e5c1a13c559b3ef8dd7e24d.qs,PARF.prostate.ca.67ea062c4e5c1a13c559b3ef8dd7e24d.qs,/home/ckyprid/My_Models/IMPACTncd_Engl/simulation/parf,/simulation/parf
PARF_prostate_ca_f528f1f2e737df88386252aaed43b528.fst,PARF.prostate.ca.f528f1f2e737df88386252aaed43b528.fst,/home/ckyprid/My_Models/IMPACTncd_Engl/simulation/parf,/simulation/parf
PARF_stroke_5f702876f8ba217ed3fdc5d734f651f3.qs,PARF.stroke.5f702876f8ba217ed3fdc5d734f651f3.qs,/home/ckyprid/My_Models/IMPACTncd_Engl/simulation/parf,/simulation/parf
PARF_stroke_aa557e16358f2fca69045f17069cd0d7.fst,PARF.stroke.aa557e16358f2fca69045f17069cd0d7.fst,/home/ckyprid/My_Models/IMPACTncd_Engl/simulation/parf,/simulation/parf
PARF_stroke_bf9e2e64797fad4660aee000c1939754.fst,PARF.stroke.bf9e2e64797fad4660aee000c1939754.fst,/home/ckyprid/My_Models/IMPACTncd_Engl/simulation/parf,/simulation/parf
PARF_t2dm_3a55c86cb1fbeee3398e2b1a7ae30fb3.qs,PARF.t2dm.3a55c86cb1fbeee3398e2b1a7ae30fb3.qs,/home/ckyprid/My_Models/IMPACTncd_Engl/simulation/parf,/simulation/parf
PARF_t2dm_47745dee88f5ba0b103ac03b5f126dae.fst,PARF.t2dm.47745dee88f5ba0b103ac03b5f126dae.fst,/home/ckyprid/My_Models/IMPACTncd_Engl/simulation/parf,/simulation/parf
PARF_t2dm_4979223174265bcb6c5c0e07ec3caefe.fst,PARF.t2dm.4979223174265bcb6c5c0e07ec3caefe.fst,/home/ckyprid/My_Models/IMPACTncd_Engl/simulation/parf,/simulation/parf
SAPE20DT1-mid-2012-lsoa-syoa-estimates-formatted.xls,SAPE20DT1.mid.2012.lsoa.syoa.estimates.formatted.xls,/home/ckyprid/My_Models/IMPACTncd_Engl/inputs/pop_estimates_lsoa/unprocessed/pop_size,/inputs/pop_estimates_lsoa/unprocessed/pop_size
SAPE20DT1-mid-2013-lsoa-syoa-estimates-formatted.xls,SAPE20DT1.mid.2013.lsoa.syoa.estimates.formatted.xls,/home/ckyprid/My_Models/IMPACTncd_Engl/inputs/pop_estimates_lsoa/unprocessed/pop_size,/inputs/pop_estimates_lsoa/unprocessed/pop_size
SAPE20DT1-mid-2014-lsoa-syoa-estimates-formatted.xls,SAPE20DT1.mid.2014.lsoa.syoa.estimates.formatted.xls,/home/ckyprid/My_Models/IMPACTncd_Engl/inputs/pop_estimates_lsoa/unprocessed/pop_size,/inputs/pop_estimates_lsoa/unprocessed/pop_size
SAPE20DT1-mid-2015-lsoa-syoa-estimates-formatted.xls,SAPE20DT1.mid.2015.lsoa.syoa.estimates.formatted.xls,/home/ckyprid/My_Models/IMPACTncd_Engl/inputs/pop_estimates_lsoa/unprocessed/pop_size,/inputs/pop_estimates_lsoa/unprocessed/pop_size
SAPE20DT1-mid-2016-lsoa-syoa-estimates-formatted.xls,SAPE20DT1.mid.2016.lsoa.syoa.estimates.formatted.xls,/home/ckyprid/My_Models/IMPACTncd_Engl/inputs/pop_estimates_lsoa/unprocessed/pop_size,/inputs/pop_estimates_lsoa/unprocessed/pop_size
SAPE20DT1-mid-2017-lsoa-syoa-estimates-formatted.xls,SAPE20DT1.mid.2017.lsoa.syoa.estimates.formatted.xls,/home/ckyprid/My_Models/IMPACTncd_Engl/inputs/pop_estimates_lsoa/unprocessed/pop_size,/inputs/pop_estimates_lsoa/unprocessed/pop_size
SAPE21DT1a-mid-2018-on-2019-LA-lsoa-syoa-estimates-formatted.xlsx,SAPE21DT1a.mid.2018.on.2019.LA.lsoa.syoa.estimates.formatted.xlsx,/home/ckyprid/My_Models/IMPACTncd_Engl/inputs/pop_estimates_lsoa/unprocessed/pop_size,/inputs/pop_estimates_lsoa/unprocessed/pop_size
SAPE22DT2-mid-2019-lsoa-syoa-estimates-unformatted.xlsx,SAPE22DT2.mid.2019.lsoa.syoa.estimates.unformatted.xlsx,/home/ckyprid/My_Models/IMPACTncd_Engl/inputs/pop_estimates_lsoa/unprocessed/pop_size,/inputs/pop_estimates_lsoa/unprocessed/pop_size
SAPE8DT2a-LSOA-syoa-unformatted-males-mid2002-to-mid2006.xls,SAPE8DT2a.LSOA.syoa.unformatted.males.mid2002.to.mid2006.xls,/home/ckyprid/My_Models/IMPACTncd_Engl/inputs/pop_estimates_lsoa/unprocessed/pop_size,/inputs/pop_estimates_lsoa/unprocessed/pop_size
SAPE8DT2b-LSOA-syoa-unformatted-males-mid2007-to-mid2010.xls,SAPE8DT2b.LSOA.syoa.unformatted.males.mid2007.to.mid2010.xls,/home/ckyprid/My_Models/IMPACTncd_Engl/inputs/pop_estimates_lsoa/unprocessed/pop_size,/inputs/pop_estimates_lsoa/unprocessed/pop_size
SAPE8DT3a-LSOA-syoa-unformatted-females-mid2002-to-mid2006.xls,SAPE8DT3a.LSOA.syoa.unformatted.females.mid2002.to.mid2006.xls,/home/ckyprid/My_Models/IMPACTncd_Engl/inputs/pop_estimates_lsoa/unprocessed/pop_size,/inputs/pop_estimates_lsoa/unprocessed/pop_size
SAPE8DT3b-LSOA-syoa-unformatted-females-mid2007-to-mid2010.xls,SAPE8DT3b.LSOA.syoa.unformatted.females.mid2007.to.mid2010.xls,/home/ckyprid/My_Models/IMPACTncd_Engl/inputs/pop_estimates_lsoa/unprocessed/pop_size,/inputs/pop_estimates_lsoa/unprocessed/pop_size
active_days_table.fst,active.days.table.fst,/home/ckyprid/My_Models/IMPACTncd_Engl/inputs/exposure_distributions,/inputs/exposure_distributions
af_dur.fst,af.dur.fst,/home/ckyprid/My_Models/IMPACTncd_Engl/inputs/disease_burden,/inputs/disease_burden
af_ftlt.fst,af.ftlt.fst,/home/ckyprid/My_Models/IMPACTncd_Engl/inputs/disease_burden,/inputs/disease_burden
af_ftlt_indx.fst,af.ftlt.indx.fst,/home/ckyprid/My_Models/IMPACTncd_Engl/inputs/disease_burden,/inputs/disease_burden
af_incd.fst,af.incd.fst,/home/ckyprid/My_Models/IMPACTncd_Engl/inputs/disease_burden,/inputs/disease_burden
af_incd_indx.fst,af.incd.indx.fst,/home/ckyprid/My_Models/IMPACTncd_Engl/inputs/disease_burden,/inputs/disease_burden
af_prvl.fst,af.prvl.fst,/home/ckyprid/My_Models/IMPACTncd_Engl/inputs/disease_burden,/inputs/disease_burden
af_prvl_indx.fst,af.prvl.indx.fst,/home/ckyprid/My_Models/IMPACTncd_Engl/inputs/disease_burden,/inputs/disease_burden
agestandardisedmortalityratecalculationtemplateusingthe2013esp_tcm77-359944.xls,agestandardisedmortalityratecalculationtemplateusingthe2013esp.tcm77.359944.xls,/home/ckyprid/My_Models/IMPACTncd_Engl/validation_internal,/validation_internal
alcohol_table.fst,alcohol.table.fst,/home/ckyprid/My_Models/IMPACTncd_Engl/inputs/exposure_distributions,/inputs/exposure_distributions
alcpr_dur.fst,alcpr.dur.fst,/home/ckyprid/My_Models/IMPACTncd_Engl/inputs/disease_burden,/inputs/disease_burden
alcpr_ftlt.fst,alcpr.ftlt.fst,/home/ckyprid/My_Models/IMPACTncd_Engl/inputs/disease_burden,/inputs/disease_burden
alcpr_ftlt_indx.fst,alcpr.ftlt.indx.fst,/home/ckyprid/My_Models/IMPACTncd_Engl/inputs/disease_burden,/inputs/disease_burden
alcpr_incd.fst,alcpr.incd.fst,/home/ckyprid/My_Models/IMPACTncd_Engl/inputs/disease_burden,/inputs/disease_burden
alcpr_incd_indx.fst,alcpr.incd.indx.fst,/home/ckyprid/My_Models/IMPACTncd_Engl/inputs/disease_burden,/inputs/disease_burden
alcpr_prvl.fst,alcpr.prvl.fst,/home/ckyprid/My_Models/IMPACTncd_Engl/inputs/disease_burden,/inputs/disease_burden
alcpr_prvl_indx.fst,alcpr.prvl.indx.fst,/home/ckyprid/My_Models/IMPACTncd_Engl/inputs/disease_burden,/inputs/disease_burden
andep_dur.fst,andep.dur.fst,/home/ckyprid/My_Models/IMPACTncd_Engl/inputs/disease_burden,/inputs/disease_burden
andep_ftlt.fst,andep.ftlt.fst,/home/ckyprid/My_Models/IMPACTncd_Engl/inputs/disease_burden,/inputs/disease_burden
andep_ftlt_indx.fst,andep.ftlt.indx.fst,/home/ckyprid/My_Models/IMPACTncd_Engl/inputs/disease_burden,/inputs/disease_burden
andep_incd.fst,andep.incd.fst,/home/ckyprid/My_Models/IMPACTncd_Engl/inputs/disease_burden,/inputs/disease_burden
andep_incd_indx.fst,andep.incd.indx.fst,/home/ckyprid/My_Models/IMPACTncd_Engl/inputs/disease_burden,/inputs/disease_burden
andep_prvl.fst,andep.prvl.fst,/home/ckyprid/My_Models/IMPACTncd_Engl/inputs/disease_burden,/inputs/disease_burden
andep_prvl_indx.fst,andep.prvl.indx.fst,/home/ckyprid/My_Models/IMPACTncd_Engl/inputs/disease_burden,/inputs/disease_burden
asthma_dur.fst,asthma.dur.fst,/home/ckyprid/My_Models/IMPACTncd_Engl/inputs/disease_burden,/inputs/disease_burden
asthma_ftlt.fst,asthma.ftlt.fst,/home/ckyprid/My_Models/IMPACTncd_Engl/inputs/disease_burden,/inputs/disease_burden
asthma_ftlt_indx.fst,asthma.ftlt.indx.fst,/home/ckyprid/My_Models/IMPACTncd_Engl/inputs/disease_burden,/inputs/disease_burden
asthma_incd.fst,asthma.incd.fst,/home/ckyprid/My_Models/IMPACTncd_Engl/inputs/disease_burden,/inputs/disease_burden
asthma_incd_indx.fst,asthma.incd.indx.fst,/home/ckyprid/My_Models/IMPACTncd_Engl/inputs/disease_burden,/inputs/disease_burden
asthma_prvl.fst,asthma.prvl.fst,/home/ckyprid/My_Models/IMPACTncd_Engl/inputs/disease_burden,/inputs/disease_burden
asthma_prvl_indx.fst,asthma.prvl.indx.fst,/home/ckyprid/My_Models/IMPACTncd_Engl/inputs/disease_burden,/inputs/disease_burden
bmi_table.fst,bmi.table.fst,/home/ckyprid/My_Models/IMPACTncd_Engl/inputs/exposure_distributions,/inputs/exposure_distributions
bp_med_table.fst,bp.med.table.fst,/home/ckyprid/My_Models/IMPACTncd_Engl/inputs/exposure_distributions,/inputs/exposure_distributions
breast_ca_dur.fst,breast.ca.dur.fst,/home/ckyprid/My_Models/IMPACTncd_Engl/inputs/disease_burden,/inputs/disease_burden
breast_ca_ftlt.fst,breast.ca.ftlt.fst,/home/ckyprid/My_Models/IMPACTncd_Engl/inputs/disease_burden,/inputs/disease_burden
breast_ca_ftlt_indx.fst,breast.ca.ftlt.indx.fst,/home/ckyprid/My_Models/IMPACTncd_Engl/inputs/disease_burden,/inputs/disease_burden
breast_ca_incd.fst,breast.ca.incd.fst,/home/ckyprid/My_Models/IMPACTncd_Engl/inputs/disease_burden,/inputs/disease_burden
breast_ca_incd_indx.fst,breast.ca.incd.indx.fst,/home/ckyprid/My_Models/IMPACTncd_Engl/inputs/disease_burden,/inputs/disease_burden
breast_ca_prvl.fst,breast.ca.prvl.fst,/home/ckyprid/My_Models/IMPACTncd_Engl/inputs/disease_burden,/inputs/disease_burden
breast_ca_prvl_indx.fst,breast.ca.prvl.indx.fst,/home/ckyprid/My_Models/IMPACTncd_Engl/inputs/disease_burden,/inputs/disease_burden
chd_dur.fst,chd.dur.fst,/home/ckyprid/My_Models/IMPACTncd_Engl/inputs/disease_burden,/inputs/disease_burden
chd_ftlt.fst,chd.ftlt.fst,/home/ckyprid/My_Models/IMPACTncd_Engl/inputs/disease_burden,/inputs/disease_burden
chd_ftlt_indx.fst,chd.ftlt.indx.fst,/home/ckyprid/My_Models/IMPACTncd_Engl/inputs/disease_burden,/inputs/disease_burden
chd_incd.fst,chd.incd.fst,/home/ckyprid/My_Models/IMPACTncd_Engl/inputs/disease_burden,/inputs/disease_burden
chd_incd_indx.fst,chd.incd.indx.fst,/home/ckyprid/My_Models/IMPACTncd_Engl/inputs/disease_burden,/inputs/disease_burden
chd_prvl.fst,chd.prvl.fst,/home/ckyprid/My_Models/IMPACTncd_Engl/inputs/disease_burden,/inputs/disease_burden
chd_prvl_indx.fst,chd.prvl.indx.fst,/home/ckyprid/My_Models/IMPACTncd_Engl/inputs/disease_burden,/inputs/disease_burden
ckd3_dur.fst,ckd3.dur.fst,/home/ckyprid/My_Models/IMPACTncd_Engl/inputs/disease_burden,/inputs/disease_burden
ckd3_ftlt.fst,ckd3.ftlt.fst,/home/ckyprid/My_Models/IMPACTncd_Engl/inputs/disease_burden,/inputs/disease_burden
ckd3_incd.fst,ckd3.incd.fst,/home/ckyprid/My_Models/IMPACTncd_Engl/inputs/disease_burden,/inputs/disease_burden
ckd3_prvl.fst,ckd3.prvl.fst,/home/ckyprid/My_Models/IMPACTncd_Engl/inputs/disease_burden,/inputs/disease_burden
ckd45_dur.fst,ckd45.dur.fst,/home/ckyprid/My_Models/IMPACTncd_Engl/inputs/disease_burden,/inputs/disease_burden
ckd45_ftlt.fst,ckd45.ftlt.fst,/home/ckyprid/My_Models/IMPACTncd_Engl/inputs/disease_burden,/inputs/disease_burden
ckd45_ftlt_indx.fst,ckd45.ftlt.indx.fst,/home/ckyprid/My_Models/IMPACTncd_Engl/inputs/disease_burden,/inputs/disease_burden
ckd45_incd.fst,ckd45.incd.fst,/home/ckyprid/My_Models/IMPACTncd_Engl/inputs/disease_burden,/inputs/disease_burden
ckd45_incd_indx.fst,ckd45.incd.indx.fst,/home/ckyprid/My_Models/IMPACTncd_Engl/inputs/disease_burden,/inputs/disease_burden
ckd45_prvl.fst,ckd45.prvl.fst,/home/ckyprid/My_Models/IMPACTncd_Engl/inputs/disease_burden,/inputs/disease_burden
ckd45_prvl_indx.fst,ckd45.prvl.indx.fst,/home/ckyprid/My_Models/IMPACTncd_Engl/inputs/disease_burden,/inputs/disease_burden
ckd4_dur.fst,ckd4.dur.fst,/home/ckyprid/My_Models/IMPACTncd_Engl/inputs/disease_burden,/inputs/disease_burden
ckd4_ftlt.fst,ckd4.ftlt.fst,/home/ckyprid/My_Models/IMPACTncd_Engl/inputs/disease_burden,/inputs/disease_burden
ckd4_ftlt_indx.fst,ckd4.ftlt.indx.fst,/home/ckyprid/My_Models/IMPACTncd_Engl/inputs/disease_burden,/inputs/disease_burden
ckd4_incd.fst,ckd4.incd.fst,/home/ckyprid/My_Models/IMPACTncd_Engl/inputs/disease_burden,/inputs/disease_burden
ckd4_incd_indx.fst,ckd4.incd.indx.fst,/home/ckyprid/My_Models/IMPACTncd_Engl/inputs/disease_burden,/inputs/disease_burden
ckd4_prvl.fst,ckd4.prvl.fst,/home/ckyprid/My_Models/IMPACTncd_Engl/inputs/disease_burden,/inputs/disease_burden
ckd4_prvl_indx.fst,ckd4.prvl.indx.fst,/home/ckyprid/My_Models/IMPACTncd_Engl/inputs/disease_burden,/inputs/disease_burden
ckd5_dur.fst,ckd5.dur.fst,/home/ckyprid/My_Models/IMPACTncd_Engl/inputs/disease_burden,/inputs/disease_burden
ckd5_ftlt.fst,ckd5.ftlt.fst,/home/ckyprid/My_Models/IMPACTncd_Engl/inputs/disease_burden,/inputs/disease_burden
ckd5_incd.fst,ckd5.incd.fst,/home/ckyprid/My_Models/IMPACTncd_Engl/inputs/disease_burden,/inputs/disease_burden
ckd5_prvl.fst,ckd5.prvl.fst,/home/ckyprid/My_Models/IMPACTncd_Engl/inputs/disease_burden,/inputs/disease_burden
ckd_dur.fst,ckd.dur.fst,/home/ckyprid/My_Models/IMPACTncd_Engl/inputs/disease_burden,/inputs/disease_burden
ckd_ftlt.fst,ckd.ftlt.fst,/home/ckyprid/My_Models/IMPACTncd_Engl/inputs/disease_burden,/inputs/disease_burden
ckd_ftlt_indx.fst,ckd.ftlt.indx.fst,/home/ckyprid/My_Models/IMPACTncd_Engl/inputs/disease_burden,/inputs/disease_burden
ckd_incd.fst,ckd.incd.fst,/home/ckyprid/My_Models/IMPACTncd_Engl/inputs/disease_burden,/inputs/disease_burden
ckd_incd_indx.fst,ckd.incd.indx.fst,/home/ckyprid/My_Models/IMPACTncd_Engl/inputs/disease_burden,/inputs/disease_burden
ckd_prvl.fst,ckd.prvl.fst,/home/ckyprid/My_Models/IMPACTncd_Engl/inputs/disease_burden,/inputs/disease_burden
ckd_prvl_indx.fst,ckd.prvl.indx.fst,/home/ckyprid/My_Models/IMPACTncd_Engl/inputs/disease_burden,/inputs/disease_burden
cld_dur.fst,cld.dur.fst,/home/ckyprid/My_Models/IMPACTncd_Engl/inputs/disease_burden,/inputs/disease_burden
cld_ftlt.fst,cld.ftlt.fst,/home/ckyprid/My_Models/IMPACTncd_Engl/inputs/disease_burden,/inputs/disease_burden
cld_ftlt_indx.fst,cld.ftlt.indx.fst,/home/ckyprid/My_Models/IMPACTncd_Engl/inputs/disease_burden,/inputs/disease_burden
cld_incd.fst,cld.incd.fst,/home/ckyprid/My_Models/IMPACTncd_Engl/inputs/disease_burden,/inputs/disease_burden
cld_incd_indx.fst,cld.incd.indx.fst,/home/ckyprid/My_Models/IMPACTncd_Engl/inputs/disease_burden,/inputs/disease_burden
cld_prvl.fst,cld.prvl.fst,/home/ckyprid/My_Models/IMPACTncd_Engl/inputs/disease_burden,/inputs/disease_burden
cld_prvl_indx.fst,cld.prvl.indx.fst,/home/ckyprid/My_Models/IMPACTncd_Engl/inputs/disease_burden,/inputs/disease_burden
colorectal_ca_dur.fst,colorect.ca.dur.fst,/home/ckyprid/My_Models/IMPACTncd_Engl/inputs/disease_burden,/inputs/disease_burden
colorectal_ca_ftlt.fst,colorect.ca.ftlt.fst,/home/ckyprid/My_Models/IMPACTncd_Engl/inputs/disease_burden,/inputs/disease_burden
colorectal_ca_ftlt_indx.fst,colorect.ca.ftlt.indx.fst,/home/ckyprid/My_Models/IMPACTncd_Engl/inputs/disease_burden,/inputs/disease_burden
colorectal_ca_incd.fst,colorect.ca.incd.fst,/home/ckyprid/My_Models/IMPACTncd_Engl/inputs/disease_burden,/inputs/disease_burden
colorectal_ca_incd_indx.fst,colorect.ca.incd.indx.fst,/home/ckyprid/My_Models/IMPACTncd_Engl/inputs/disease_burden,/inputs/disease_burden
colorectal_ca_prvl.fst,colorect.ca.prvl.fst,/home/ckyprid/My_Models/IMPACTncd_Engl/inputs/disease_burden,/inputs/disease_burden
colorectal_ca_prvl_indx.fst,colorect.ca.prvl.indx.fst,/home/ckyprid/My_Models/IMPACTncd_Engl/inputs/disease_burden,/inputs/disease_burden
copd_dur.fst,copd.dur.fst,/home/ckyprid/My_Models/IMPACTncd_Engl/inputs/disease_burden,/inputs/disease_burden
copd_ftlt.fst,copd.ftlt.fst,/home/ckyprid/My_Models/IMPACTncd_Engl/inputs/disease_burden,/inputs/disease_burden
copd_ftlt_indx.fst,copd.ftlt.indx.fst,/home/ckyprid/My_Models/IMPACTncd_Engl/inputs/disease_burden,/inputs/disease_burden
copd_incd.fst,copd.incd.fst,/home/ckyprid/My_Models/IMPACTncd_Engl/inputs/disease_burden,/inputs/disease_burden
copd_incd_indx.fst,copd.incd.indx.fst,/home/ckyprid/My_Models/IMPACTncd_Engl/inputs/disease_burden,/inputs/disease_burden
copd_prvl.fst,copd.prvl.fst,/home/ckyprid/My_Models/IMPACTncd_Engl/inputs/disease_burden,/inputs/disease_burden
copd_prvl_indx.fst,copd.prvl.indx.fst,/home/ckyprid/My_Models/IMPACTncd_Engl/inputs/disease_burden,/inputs/disease_burden
ctd_dur.fst,ctd.dur.fst,/home/ckyprid/My_Models/IMPACTncd_Engl/inputs/disease_burden,/inputs/disease_burden
ctd_ftlt.fst,ctd.ftlt.fst,/home/ckyprid/My_Models/IMPACTncd_Engl/inputs/disease_burden,/inputs/disease_burden
ctd_ftlt_indx.fst,ctd.ftlt.indx.fst,/home/ckyprid/My_Models/IMPACTncd_Engl/inputs/disease_burden,/inputs/disease_burden
ctd_incd.fst,ctd.incd.fst,/home/ckyprid/My_Models/IMPACTncd_Engl/inputs/disease_burden,/inputs/disease_burden
ctd_incd_indx.fst,ctd.incd.indx.fst,/home/ckyprid/My_Models/IMPACTncd_Engl/inputs/disease_burden,/inputs/disease_burden
ctd_prvl.fst,ctd.prvl.fst,/home/ckyprid/My_Models/IMPACTncd_Engl/inputs/disease_burden,/inputs/disease_burden
ctd_prvl_indx.fst,ctd.prvl.indx.fst,/home/ckyprid/My_Models/IMPACTncd_Engl/inputs/disease_burden,/inputs/disease_burden
dementia_dur.fst,dementia.dur.fst,/home/ckyprid/My_Models/IMPACTncd_Engl/inputs/disease_burden,/inputs/disease_burden
dementia_ftlt.fst,dementia.ftlt.fst,/home/ckyprid/My_Models/IMPACTncd_Engl/inputs/disease_burden,/inputs/disease_burden
dementia_ftlt_indx.fst,dementia.ftlt.indx.fst,/home/ckyprid/My_Models/IMPACTncd_Engl/inputs/disease_burden,/inputs/disease_burden
dementia_incd.fst,dementia.incd.fst,/home/ckyprid/My_Models/IMPACTncd_Engl/inputs/disease_burden,/inputs/disease_burden
dementia_incd_indx.fst,dementia.incd.indx.fst,/home/ckyprid/My_Models/IMPACTncd_Engl/inputs/disease_burden,/inputs/disease_burden
dementia_prvl.fst,dementia.prvl.fst,/home/ckyprid/My_Models/IMPACTncd_Engl/inputs/disease_burden,/inputs/disease_burden
dementia_prvl_indx.fst,dementia.prvl.indx.fst,/home/ckyprid/My_Models/IMPACTncd_Engl/inputs/disease_burden,/inputs/disease_burden
dependency_lookup.xlsx,dependency.lookup.xlsx,/home/ckyprid/My_Models/IMPACTncd_Engl/inputs/disease_burden/scripts/disease_dependencies,/inputs/disease_burden/scripts/disease_dependencies
dm_dgn_table.fst,dm.dgn.table.fst,/home/ckyprid/My_Models/IMPACTncd_Engl/inputs/exposure_distributions,/inputs/exposure_distributions
dm_dur_table.fst,dm.dur.table.fst,/home/ckyprid/My_Models/IMPACTncd_Engl/inputs/exposure_distributions,/inputs/exposure_distributions
dm_table.fst,dm.table.fst,/home/ckyprid/My_Models/IMPACTncd_Engl/inputs/exposure_distributions,/inputs/exposure_distributions
education_table.fst,education.table.fst,/home/ckyprid/My_Models/IMPACTncd_Engl/inputs/exposure_distributions,/inputs/exposure_distributions
education_table_for_imputation.fst,education.table.for.imputation.fst,/home/ckyprid/My_Models/IMPACTncd_Engl/inputs/exposure_distributions,/inputs/exposure_distributions
enpppopendata2020.xls,enpppopendata2020.xls,/home/ckyprid/My_Models/IMPACTncd_Engl/inputs/pop_projections/unprocessed,/inputs/pop_projections/unprocessed
epilepsy_dur.fst,epilepsy.dur.fst,/home/ckyprid/My_Models/IMPACTncd_Engl/inputs/disease_burden,/inputs/disease_burden
epilepsy_ftlt.fst,epilepsy.ftlt.fst,/home/ckyprid/My_Models/IMPACTncd_Engl/inputs/disease_burden,/inputs/disease_burden
epilepsy_ftlt_indx.fst,epilepsy.ftlt.indx.fst,/home/ckyprid/My_Models/IMPACTncd_Engl/inputs/disease_burden,/inputs/disease_burden
epilepsy_incd.fst,epilepsy.incd.fst,/home/ckyprid/My_Models/IMPACTncd_Engl/inputs/disease_burden,/inputs/disease_burden
epilepsy_incd_indx.fst,epilepsy.incd.indx.fst,/home/ckyprid/My_Models/IMPACTncd_Engl/inputs/disease_burden,/inputs/disease_burden
epilepsy_prvl.fst,epilepsy.prvl.fst,/home/ckyprid/My_Models/IMPACTncd_Engl/inputs/disease_burden,/inputs/disease_burden
epilepsy_prvl_indx.fst,epilepsy.prvl.indx.fst,/home/ckyprid/My_Models/IMPACTncd_Engl/inputs/disease_burden,/inputs/disease_burden
ethn2011_pct.fst,ethn2011.pct.fst,/home/ckyprid/My_Models/IMPACTncd_Engl/inputs/pop_estimates_lsoa,/inputs/pop_estimates_lsoa
ethnicity_table.fst,ethnicity.table.fst,/home/ckyprid/My_Models/IMPACTncd_Engl/inputs/exposure_distributions,/inputs/exposure_distributions
ets_table.fst,ets.table.fst,/home/ckyprid/My_Models/IMPACTncd_Engl/inputs/exposure_distributions,/inputs/exposure_distributions
exposure_corr_mc.fst,exposure.corr.mc.fst,/home/ckyprid/My_Models/IMPACTncd_Engl/inputs/exposure_distributions,/inputs/exposure_distributions
exposure_corr_mean.fst,exposure.corr.mean.fst,/home/ckyprid/My_Models/IMPACTncd_Engl/inputs/exposure_distributions,/inputs/exposure_distributions
exposure_corr_sd.fst,exposure.corr.sd.fst,/home/ckyprid/My_Models/IMPACTncd_Engl/inputs/exposure_distributions,/inputs/exposure_distributions
finalfile.xls,finalfile.xls,/home/ckyprid/My_Models/IMPACTncd_Engl/inputs/mortality NOT USED,/inputs/mortality NOT USED
frtpor_table.fst,frtpor.table.fst,/home/ckyprid/My_Models/IMPACTncd_Engl/inputs/exposure_distributions,/inputs/exposure_distributions
hdl_to_tchol_table.fst,hdl.to.tchol.table.fst,/home/ckyprid/My_Models/IMPACTncd_Engl/inputs/exposure_distributions,/inputs/exposure_distributions
helo_dur.fst,helo.dur.fst,/home/ckyprid/My_Models/IMPACTncd_Engl/inputs/disease_burden,/inputs/disease_burden
helo_incd.fst,helo.incd.fst,/home/ckyprid/My_Models/IMPACTncd_Engl/inputs/disease_burden,/inputs/disease_burden
helo_incd_indx.fst,helo.incd.indx.fst,/home/ckyprid/My_Models/IMPACTncd_Engl/inputs/disease_burden,/inputs/disease_burden
helo_prvl.fst,helo.prvl.fst,/home/ckyprid/My_Models/IMPACTncd_Engl/inputs/disease_burden,/inputs/disease_burden
helo_prvl_indx.fst,helo.prvl.indx.fst,/home/ckyprid/My_Models/IMPACTncd_Engl/inputs/disease_burden,/inputs/disease_burden
hf_dur.fst,hf.dur.fst,/home/ckyprid/My_Models/IMPACTncd_Engl/inputs/disease_burden,/inputs/disease_burden
hf_ftlt.fst,hf.ftlt.fst,/home/ckyprid/My_Models/IMPACTncd_Engl/inputs/disease_burden,/inputs/disease_burden
hf_ftlt_indx.fst,hf.ftlt.indx.fst,/home/ckyprid/My_Models/IMPACTncd_Engl/inputs/disease_burden,/inputs/disease_burden
hf_incd.fst,hf.incd.fst,/home/ckyprid/My_Models/IMPACTncd_Engl/inputs/disease_burden,/inputs/disease_burden
hf_incd_indx.fst,hf.incd.indx.fst,/home/ckyprid/My_Models/IMPACTncd_Engl/inputs/disease_burden,/inputs/disease_burden
hf_prvl.fst,hf.prvl.fst,/home/ckyprid/My_Models/IMPACTncd_Engl/inputs/disease_burden,/inputs/disease_burden
hf_prvl_indx.fst,hf.prvl.indx.fst,/home/ckyprid/My_Models/IMPACTncd_Engl/inputs/disease_burden,/inputs/disease_burden
history_of_cancer.fst,history.of.cancer.fst,/home/ckyprid/My_Models/IMPACTncd_Engl/inputs/exposure_distributions,/inputs/exposure_distributions
hse_sociodemographics.fst,hse.sociodemographics.fst,/home/ckyprid/My_Models/IMPACTncd_Engl/inputs/synthpop,/inputs/synthpop
htn_dur.fst,htn.dur.fst,/home/ckyprid/My_Models/IMPACTncd_Engl/inputs/disease_burden,/inputs/disease_burden
htn_ftlt.fst,htn.ftlt.fst,/home/ckyprid/My_Models/IMPACTncd_Engl/inputs/disease_burden,/inputs/disease_burden
htn_ftlt_indx.fst,htn.ftlt.indx.fst,/home/ckyprid/My_Models/IMPACTncd_Engl/inputs/disease_burden,/inputs/disease_burden
htn_incd.fst,htn.incd.fst,/home/ckyprid/My_Models/IMPACTncd_Engl/inputs/disease_burden,/inputs/disease_burden
htn_incd_indx.fst,htn.incd.indx.fst,/home/ckyprid/My_Models/IMPACTncd_Engl/inputs/disease_burden,/inputs/disease_burden
htn_prvl.fst,htn.prvl.fst,/home/ckyprid/My_Models/IMPACTncd_Engl/inputs/disease_burden,/inputs/disease_burden
htn_prvl_indx.fst,htn.prvl.indx.fst,/home/ckyprid/My_Models/IMPACTncd_Engl/inputs/disease_burden,/inputs/disease_burden
ibs_dur.fst,ibs.dur.fst,/home/ckyprid/My_Models/IMPACTncd_Engl/inputs/disease_burden,/inputs/disease_burden
ibs_ftlt.fst,ibs.ftlt.fst,/home/ckyprid/My_Models/IMPACTncd_Engl/inputs/disease_burden,/inputs/disease_burden
ibs_incd.fst,ibs.incd.fst,/home/ckyprid/My_Models/IMPACTncd_Engl/inputs/disease_burden,/inputs/disease_burden
ibs_incd_indx.fst,ibs.incd.indx.fst,/home/ckyprid/My_Models/IMPACTncd_Engl/inputs/disease_burden,/inputs/disease_burden
ibs_prvl.fst,ibs.prvl.fst,/home/ckyprid/My_Models/IMPACTncd_Engl/inputs/disease_burden,/inputs/disease_burden
ibs_prvl_indx.fst,ibs.prvl.indx.fst,/home/ckyprid/My_Models/IMPACTncd_Engl/inputs/disease_burden,/inputs/disease_burden
income_table.fst,income.table.fst,/home/ckyprid/My_Models/IMPACTncd_Engl/inputs/exposure_distributions,/inputs/exposure_distributions
lad17_proj.fst,lad17.proj.fst,/home/ckyprid/My_Models/IMPACTncd_Engl/inputs/pop_projections,/inputs/pop_projections
lsoa_to_locality_indx.fst,lsoa.to.locality.indx.fst,/home/ckyprid/My_Models/IMPACTncd_Engl/inputs/pop_estimates_lsoa,/inputs/pop_estimates_lsoa
lung_ca_dur.fst,lung.ca.dur.fst,/home/ckyprid/My_Models/IMPACTncd_Engl/inputs/disease_burden,/inputs/disease_burden
lung_ca_ftlt.fst,lung.ca.ftlt.fst,/home/ckyprid/My_Models/IMPACTncd_Engl/inputs/disease_burden,/inputs/disease_burden
lung_ca_ftlt_indx.fst,lung.ca.ftlt.indx.fst,/home/ckyprid/My_Models/IMPACTncd_Engl/inputs/disease_burden,/inputs/disease_burden
lung_ca_incd.fst,lung.ca.incd.fst,/home/ckyprid/My_Models/IMPACTncd_Engl/inputs/disease_burden,/inputs/disease_burden
lung_ca_incd_indx.fst,lung.ca.incd.indx.fst,/home/ckyprid/My_Models/IMPACTncd_Engl/inputs/disease_burden,/inputs/disease_burden
lung_ca_prvl.fst,lung.ca.prvl.fst,/home/ckyprid/My_Models/IMPACTncd_Engl/inputs/disease_burden,/inputs/disease_burden
lung_ca_prvl_indx.fst,lung.ca.prvl.indx.fst,/home/ckyprid/My_Models/IMPACTncd_Engl/inputs/disease_burden,/inputs/disease_burden
mortality_projections.fst,mortality.projections.fst,/home/ckyprid/My_Models/IMPACTncd_Engl/inputs/exposure_distributions,/inputs/exposure_distributions
mortality_projections_indx.fst,mortality.projections.indx.fst,/home/ckyprid/My_Models/IMPACTncd_Engl/inputs/exposure_distributions,/inputs/exposure_distributions
national_mid_year_population_estimates.fst,national.mid.year.population.estimates.fst,/home/ckyprid/My_Models/IMPACTncd_Engl/inputs/pop_estimates_lsoa,/inputs/pop_estimates_lsoa
national_proj.fst,national.proj.fst,/home/ckyprid/My_Models/IMPACTncd_Engl/inputs/pop_projections,/inputs/pop_projections
nonmodelled_ftlt.fst,nonmodelled.ftlt.fst,/home/ckyprid/My_Models/IMPACTncd_Engl/inputs/disease_burden,/inputs/disease_burden
nonmodelled_ftlt_indx.fst,nonmodelled.ftlt.indx.fst,/home/ckyprid/My_Models/IMPACTncd_Engl/inputs/disease_burden,/inputs/disease_burden
obesity_dur.fst,obesity.dur.fst,/home/ckyprid/My_Models/IMPACTncd_Engl/inputs/disease_burden,/inputs/disease_burden
obesity_ftlt.fst,obesity.ftlt.fst,/home/ckyprid/My_Models/IMPACTncd_Engl/inputs/disease_burden,/inputs/disease_burden
obesity_incd.fst,obesity.incd.fst,/home/ckyprid/My_Models/IMPACTncd_Engl/inputs/disease_burden,/inputs/disease_burden
obesity_prvl.fst,obesity.prvl.fst,/home/ckyprid/My_Models/IMPACTncd_Engl/inputs/disease_burden,/inputs/disease_burden
other_ca_dur.fst,other.ca.dur.fst,/home/ckyprid/My_Models/IMPACTncd_Engl/inputs/disease_burden,/inputs/disease_burden
other_ca_ftlt.fst,other.ca.ftlt.fst,/home/ckyprid/My_Models/IMPACTncd_Engl/inputs/disease_burden,/inputs/disease_burden
other_ca_ftlt_indx.fst,other.ca.ftlt.indx.fst,/home/ckyprid/My_Models/IMPACTncd_Engl/inputs/disease_burden,/inputs/disease_burden
other_ca_incd.fst,other.ca.incd.fst,/home/ckyprid/My_Models/IMPACTncd_Engl/inputs/disease_burden,/inputs/disease_burden
other_ca_incd_indx.fst,other.ca.incd.indx.fst,/home/ckyprid/My_Models/IMPACTncd_Engl/inputs/disease_burden,/inputs/disease_burden
other_ca_prvl.fst,other.ca.prvl.fst,/home/ckyprid/My_Models/IMPACTncd_Engl/inputs/disease_burden,/inputs/disease_burden
other_ca_prvl_indx.fst,other.ca.prvl.indx.fst,/home/ckyprid/My_Models/IMPACTncd_Engl/inputs/disease_burden,/inputs/disease_burden
prostate_ca_dur.fst,prostate.ca.dur.fst,/home/ckyprid/My_Models/IMPACTncd_Engl/inputs/disease_burden,/inputs/disease_burden
prostate_ca_ftlt.fst,prostate.ca.ftlt.fst,/home/ckyprid/My_Models/IMPACTncd_Engl/inputs/disease_burden,/inputs/disease_burden
prostate_ca_ftlt_indx.fst,prostate.ca.ftlt.indx.fst,/home/ckyprid/My_Models/IMPACTncd_Engl/inputs/disease_burden,/inputs/disease_burden
prostate_ca_incd.fst,prostate.ca.incd.fst,/home/ckyprid/My_Models/IMPACTncd_Engl/inputs/disease_burden,/inputs/disease_burden
prostate_ca_incd_indx.fst,prostate.ca.incd.indx.fst,/home/ckyprid/My_Models/IMPACTncd_Engl/inputs/disease_burden,/inputs/disease_burden
prostate_ca_prvl.fst,prostate.ca.prvl.fst,/home/ckyprid/My_Models/IMPACTncd_Engl/inputs/disease_burden,/inputs/disease_burden
prostate_ca_prvl_indx.fst,prostate.ca.prvl.indx.fst,/home/ckyprid/My_Models/IMPACTncd_Engl/inputs/disease_burden,/inputs/disease_burden
psychos_dur.fst,psychos.dur.fst,/home/ckyprid/My_Models/IMPACTncd_Engl/inputs/disease_burden,/inputs/disease_burden
psychos_ftlt.fst,psychos.ftlt.fst,/home/ckyprid/My_Models/IMPACTncd_Engl/inputs/disease_burden,/inputs/disease_burden
psychos_ftlt_indx.fst,psychos.ftlt.indx.fst,/home/ckyprid/My_Models/IMPACTncd_Engl/inputs/disease_burden,/inputs/disease_burden
psychos_incd.fst,psychos.incd.fst,/home/ckyprid/My_Models/IMPACTncd_Engl/inputs/disease_burden,/inputs/disease_burden
psychos_incd_indx.fst,psychos.incd.indx.fst,/home/ckyprid/My_Models/IMPACTncd_Engl/inputs/disease_burden,/inputs/disease_burden
psychos_prvl.fst,psychos.prvl.fst,/home/ckyprid/My_Models/IMPACTncd_Engl/inputs/disease_burden,/inputs/disease_burden
psychos_prvl_indx.fst,psychos.prvl.indx.fst,/home/ckyprid/My_Models/IMPACTncd_Engl/inputs/disease_burden,/inputs/disease_burden
ra_dur.fst,ra.dur.fst,/home/ckyprid/My_Models/IMPACTncd_Engl/inputs/disease_burden,/inputs/disease_burden
ra_ftlt.fst,ra.ftlt.fst,/home/ckyprid/My_Models/IMPACTncd_Engl/inputs/disease_burden,/inputs/disease_burden
ra_ftlt_indx.fst,ra.ftlt.indx.fst,/home/ckyprid/My_Models/IMPACTncd_Engl/inputs/disease_burden,/inputs/disease_burden
ra_incd.fst,ra.incd.fst,/home/ckyprid/My_Models/IMPACTncd_Engl/inputs/disease_burden,/inputs/disease_burden
ra_incd_indx.fst,ra.incd.indx.fst,/home/ckyprid/My_Models/IMPACTncd_Engl/inputs/disease_burden,/inputs/disease_burden
ra_prvl.fst,ra.prvl.fst,/home/ckyprid/My_Models/IMPACTncd_Engl/inputs/disease_burden,/inputs/disease_burden
ra_prvl_indx.fst,ra.prvl.indx.fst,/home/ckyprid/My_Models/IMPACTncd_Engl/inputs/disease_burden,/inputs/disease_burden
rgn11_proj.fst,rgn11.proj.fst,/home/ckyprid/My_Models/IMPACTncd_Engl/inputs/pop_projections,/inputs/pop_projections
rgn_proj.fst,rgn.proj.fst,/home/ckyprid/My_Models/IMPACTncd_Engl/inputs/pop_projections,/inputs/pop_projections
rr_active_days~breast_ca_e4fd8359b651f0426b13e3336314954f_indx.fst,rr.active.days.breast.ca.e4fd8359b651f0426b13e3336314954f.indx.fst,/home/ckyprid/My_Models/IMPACTncd_Engl/simulation/rr,/simulation/rr
rr_active_days~breast_ca_e4fd8359b651f0426b13e3336314954f_l.fst,rr.active.days.breast.ca.e4fd8359b651f0426b13e3336314954f.l.fst,/home/ckyprid/My_Models/IMPACTncd_Engl/simulation/rr,/simulation/rr
rr_active_days~chd_06f0cb0ccc960728fa3a315e46c0ed0d_indx.fst,rr.active.days.chd.06f0cb0ccc960728fa3a315e46c0ed0d.indx.fst,/home/ckyprid/My_Models/IMPACTncd_Engl/simulation/rr,/simulation/rr
rr_active_days~chd_06f0cb0ccc960728fa3a315e46c0ed0d_l.fst,rr.active.days.chd.06f0cb0ccc960728fa3a315e46c0ed0d.l.fst,/home/ckyprid/My_Models/IMPACTncd_Engl/simulation/rr,/simulation/rr
rr_active_days~colon_ca_415594b51ccc96309473d3baf78f8e5e_indx.fst,rr.active.days.colon.ca.415594b51ccc96309473d3baf78f8e5e.indx.fst,/home/ckyprid/My_Models/IMPACTncd_Engl/simulation/rr,/simulation/rr
rr_active_days~colon_ca_415594b51ccc96309473d3baf78f8e5e_l.fst,rr.active.days.colon.ca.415594b51ccc96309473d3baf78f8e5e.l.fst,/home/ckyprid/My_Models/IMPACTncd_Engl/simulation/rr,/simulation/rr
rr_active_days~colorectal_ca_92c1b5ac45c1044c761116073879bd6d_indx.fst,rr.active.days.colorect.ca.92c1b5ac45c1044c761116073879bd6d.indx.fst,/home/ckyprid/My_Models/IMPACTncd_Engl/simulation/rr,/simulation/rr
rr_active_days~colorectal_ca_92c1b5ac45c1044c761116073879bd6d_l.fst,rr.active.days.colorect.ca.92c1b5ac45c1044c761116073879bd6d.l.fst,/home/ckyprid/My_Models/IMPACTncd_Engl/simulation/rr,/simulation/rr
rr_active_days~nonmodelled_33db745d679df215249fc0db794611aa_indx.fst,rr.active.days.nonmodelled.33db745d679df215249fc0db794611aa.indx.fst,/home/ckyprid/My_Models/IMPACTncd_Engl/simulation/rr,/simulation/rr
rr_active_days~nonmodelled_33db745d679df215249fc0db794611aa_l.fst,rr.active.days.nonmodelled.33db745d679df215249fc0db794611aa.l.fst,/home/ckyprid/My_Models/IMPACTncd_Engl/simulation/rr,/simulation/rr
rr_active_days~stroke_f9f2bdeba2f5c2bcb3ba86af92e9c02a_indx.fst,rr.active.days.stroke.f9f2bdeba2f5c2bcb3ba86af92e9c02a.indx.fst,/home/ckyprid/My_Models/IMPACTncd_Engl/simulation/rr,/simulation/rr
rr_active_days~stroke_f9f2bdeba2f5c2bcb3ba86af92e9c02a_l.fst,rr.active.days.stroke.f9f2bdeba2f5c2bcb3ba86af92e9c02a.l.fst,/home/ckyprid/My_Models/IMPACTncd_Engl/simulation/rr,/simulation/rr
rr_af_prvl~stroke_c0b18e6610ca852ba762de4a7f844335_indx.fst,rr.af.prvl.stroke.c0b18e6610ca852ba762de4a7f844335.indx.fst,/home/ckyprid/My_Models/IMPACTncd_Engl/simulation/rr,/simulation/rr
rr_af_prvl~stroke_c0b18e6610ca852ba762de4a7f844335_l.fst,rr.af.prvl.stroke.c0b18e6610ca852ba762de4a7f844335.l.fst,/home/ckyprid/My_Models/IMPACTncd_Engl/simulation/rr,/simulation/rr
rr_alcohol~af_ff79836ca6ad3a1021956019c7f4cc3b_indx.fst,rr.alcohol.af.ff79836ca6ad3a1021956019c7f4cc3b.indx.fst,/home/ckyprid/My_Models/IMPACTncd_Engl/simulation/rr,/simulation/rr
rr_alcohol~af_ff79836ca6ad3a1021956019c7f4cc3b_l.fst,rr.alcohol.af.ff79836ca6ad3a1021956019c7f4cc3b.l.fst,/home/ckyprid/My_Models/IMPACTncd_Engl/simulation/rr,/simulation/rr
rr_alcohol~breast_ca_1233cd7ce99f66916b9a8cbd2bab4ea1_indx.fst,rr.alcohol.breast.ca.1233cd7ce99f66916b9a8cbd2bab4ea1.indx.fst,/home/ckyprid/My_Models/IMPACTncd_Engl/simulation/rr,/simulation/rr
rr_alcohol~breast_ca_1233cd7ce99f66916b9a8cbd2bab4ea1_l.fst,rr.alcohol.breast.ca.1233cd7ce99f66916b9a8cbd2bab4ea1.l.fst,/home/ckyprid/My_Models/IMPACTncd_Engl/simulation/rr,/simulation/rr
rr_alcohol~chd_aa41fd0b97bcbdbaa4b6817cc008bc96_indx.fst,rr.alcohol.chd.aa41fd0b97bcbdbaa4b6817cc008bc96.indx.fst,/home/ckyprid/My_Models/IMPACTncd_Engl/simulation/rr,/simulation/rr
rr_alcohol~chd_aa41fd0b97bcbdbaa4b6817cc008bc96_l.fst,rr.alcohol.chd.aa41fd0b97bcbdbaa4b6817cc008bc96.l.fst,/home/ckyprid/My_Models/IMPACTncd_Engl/simulation/rr,/simulation/rr
rr_alcohol~colon_ca_8dbdbcba11118fa75e5abe4eb1976a02_indx.fst,rr.alcohol.colon.ca.8dbdbcba11118fa75e5abe4eb1976a02.indx.fst,/home/ckyprid/My_Models/IMPACTncd_Engl/simulation/rr,/simulation/rr
rr_alcohol~colon_ca_8dbdbcba11118fa75e5abe4eb1976a02_l.fst,rr.alcohol.colon.ca.8dbdbcba11118fa75e5abe4eb1976a02.l.fst,/home/ckyprid/My_Models/IMPACTncd_Engl/simulation/rr,/simulation/rr
rr_alcohol~colorectal_ca_1452905cb4f4daf2075c1f5cd840ae8b_indx.fst,rr.alcohol.colorect.ca.1452905cb4f4daf2075c1f5cd840ae8b.indx.fst,/home/ckyprid/My_Models/IMPACTncd_Engl/simulation/rr,/simulation/rr
rr_alcohol~colorectal_ca_1452905cb4f4daf2075c1f5cd840ae8b_l.fst,rr.alcohol.colorect.ca.1452905cb4f4daf2075c1f5cd840ae8b.l.fst,/home/ckyprid/My_Models/IMPACTncd_Engl/simulation/rr,/simulation/rr
rr_alcohol~nonmodelled_d0419b890f21a0a1aab5e95714b06dfa_indx.fst,rr.alcohol.nonmodelled.d0419b890f21a0a1aab5e95714b06dfa.indx.fst,/home/ckyprid/My_Models/IMPACTncd_Engl/simulation/rr,/simulation/rr
rr_alcohol~nonmodelled_d0419b890f21a0a1aab5e95714b06dfa_l.fst,rr.alcohol.nonmodelled.d0419b890f21a0a1aab5e95714b06dfa.l.fst,/home/ckyprid/My_Models/IMPACTncd_Engl/simulation/rr,/simulation/rr
rr_alcohol~stroke_117956f774463a0d3f0a535a175f68c0_indx.fst,rr.alcohol.stroke.117956f774463a0d3f0a535a175f68c0.indx.fst,/home/ckyprid/My_Models/IMPACTncd_Engl/simulation/rr,/simulation/rr
rr_alcohol~stroke_117956f774463a0d3f0a535a175f68c0_l.fst,rr.alcohol.stroke.117956f774463a0d3f0a535a175f68c0.l.fst,/home/ckyprid/My_Models/IMPACTncd_Engl/simulation/rr,/simulation/rr
rr_alcohol~t2dm_0df40daf2cdd6bf741f69fed24ff9671_indx.fst,rr.alcohol.t2dm.0df40daf2cdd6bf741f69fed24ff9671.indx.fst,/home/ckyprid/My_Models/IMPACTncd_Engl/simulation/rr,/simulation/rr
rr_alcohol~t2dm_0df40daf2cdd6bf741f69fed24ff9671_l.fst,rr.alcohol.t2dm.0df40daf2cdd6bf741f69fed24ff9671.l.fst,/home/ckyprid/My_Models/IMPACTncd_Engl/simulation/rr,/simulation/rr
rr_asthma_prvl~asthma_400e78496fa807d1507aa44343324e00_indx.fst,rr.asthma.prvl.asthma.400e78496fa807d1507aa44343324e00.indx.fst,/home/ckyprid/My_Models/IMPACTncd_Engl/simulation/rr,/simulation/rr
rr_asthma_prvl~asthma_400e78496fa807d1507aa44343324e00_l.fst,rr.asthma.prvl.asthma.400e78496fa807d1507aa44343324e00.l.fst,/home/ckyprid/My_Models/IMPACTncd_Engl/simulation/rr,/simulation/rr
rr_asthma~asthma_400e78496fa807d1507aa44343324e00_indx.fst,rr.asthma.asthma.400e78496fa807d1507aa44343324e00.indx.fst,/home/ckyprid/My_Models/IMPACTncd_Engl/simulation/rr,/simulation/rr
rr_asthma~asthma_400e78496fa807d1507aa44343324e00_l.fst,rr.asthma.asthma.400e78496fa807d1507aa44343324e00.l.fst,/home/ckyprid/My_Models/IMPACTncd_Engl/simulation/rr,/simulation/rr
rr_bmi~af_f1e7a8bc1be59efd6513c64e3c0e31b6_indx.fst,rr.bmi.af.f1e7a8bc1be59efd6513c64e3c0e31b6.indx.fst,/home/ckyprid/My_Models/IMPACTncd_Engl/simulation/rr,/simulation/rr
rr_bmi~af_f1e7a8bc1be59efd6513c64e3c0e31b6_l.fst,rr.bmi.af.f1e7a8bc1be59efd6513c64e3c0e31b6.l.fst,/home/ckyprid/My_Models/IMPACTncd_Engl/simulation/rr,/simulation/rr
rr_bmi~asthma_10e0e668ddc5666d331c6951e9281d6f_indx.fst,rr.bmi.asthma.10e0e668ddc5666d331c6951e9281d6f.indx.fst,/home/ckyprid/My_Models/IMPACTncd_Engl/simulation/rr,/simulation/rr
rr_bmi~asthma_10e0e668ddc5666d331c6951e9281d6f_l.fst,rr.bmi.asthma.10e0e668ddc5666d331c6951e9281d6f.l.fst,/home/ckyprid/My_Models/IMPACTncd_Engl/simulation/rr,/simulation/rr
rr_bmi~breast_ca_94b43973840ec43412d74ef57c9ab366_indx.fst,rr.bmi.breast.ca.94b43973840ec43412d74ef57c9ab366.indx.fst,/home/ckyprid/My_Models/IMPACTncd_Engl/simulation/rr,/simulation/rr
rr_bmi~breast_ca_94b43973840ec43412d74ef57c9ab366_l.fst,rr.bmi.breast.ca.94b43973840ec43412d74ef57c9ab366.l.fst,/home/ckyprid/My_Models/IMPACTncd_Engl/simulation/rr,/simulation/rr
rr_bmi~chd_23080e9e81c641bc965188e13866912a_indx.fst,rr.bmi.chd.23080e9e81c641bc965188e13866912a.indx.fst,/home/ckyprid/My_Models/IMPACTncd_Engl/simulation/rr,/simulation/rr
rr_bmi~chd_23080e9e81c641bc965188e13866912a_l.fst,rr.bmi.chd.23080e9e81c641bc965188e13866912a.l.fst,/home/ckyprid/My_Models/IMPACTncd_Engl/simulation/rr,/simulation/rr
rr_bmi~ckd_850c9908da77b8ac54ae84bed15e936d_indx.fst,rr.bmi.ckd.850c9908da77b8ac54ae84bed15e936d.indx.fst,/home/ckyprid/My_Models/IMPACTncd_Engl/simulation/rr,/simulation/rr
rr_bmi~ckd_850c9908da77b8ac54ae84bed15e936d_l.fst,rr.bmi.ckd.850c9908da77b8ac54ae84bed15e936d.l.fst,/home/ckyprid/My_Models/IMPACTncd_Engl/simulation/rr,/simulation/rr
rr_bmi~colon_ca_d1c66cebf6e44d79cada293c408ef611_indx.fst,rr.bmi.colon.ca.d1c66cebf6e44d79cada293c408ef611.indx.fst,/home/ckyprid/My_Models/IMPACTncd_Engl/simulation/rr,/simulation/rr
rr_bmi~colon_ca_d1c66cebf6e44d79cada293c408ef611_l.fst,rr.bmi.colon.ca.d1c66cebf6e44d79cada293c408ef611.l.fst,/home/ckyprid/My_Models/IMPACTncd_Engl/simulation/rr,/simulation/rr
rr_bmi~colorectal_ca_dad1da7bd77f6406e9f221b83dc9f962_indx.fst,rr.bmi.colorect.ca.dad1da7bd77f6406e9f221b83dc9f962.indx.fst,/home/ckyprid/My_Models/IMPACTncd_Engl/simulation/rr,/simulation/rr
rr_bmi~colorectal_ca_dad1da7bd77f6406e9f221b83dc9f962_l.fst,rr.bmi.colorect.ca.dad1da7bd77f6406e9f221b83dc9f962.l.fst,/home/ckyprid/My_Models/IMPACTncd_Engl/simulation/rr,/simulation/rr
rr_bmi~dementia_d95d22b1b71cdf3c1a1c45d1c6bb7808_indx.fst,rr.bmi.dementia.d95d22b1b71cdf3c1a1c45d1c6bb7808.indx.fst,/home/ckyprid/My_Models/IMPACTncd_Engl/simulation/rr,/simulation/rr
rr_bmi~dementia_d95d22b1b71cdf3c1a1c45d1c6bb7808_l.fst,rr.bmi.dementia.d95d22b1b71cdf3c1a1c45d1c6bb7808.l.fst,/home/ckyprid/My_Models/IMPACTncd_Engl/simulation/rr,/simulation/rr
rr_bmi~obesity_eeeb322c75da6462faee0153648a4c95_indx.fst,rr.bmi.obesity.eeeb322c75da6462faee0153648a4c95.indx.fst,/home/ckyprid/My_Models/IMPACTncd_Engl/simulation/rr,/simulation/rr
rr_bmi~obesity_eeeb322c75da6462faee0153648a4c95_l.fst,rr.bmi.obesity.eeeb322c75da6462faee0153648a4c95.l.fst,/home/ckyprid/My_Models/IMPACTncd_Engl/simulation/rr,/simulation/rr
rr_bmi~stroke_e42ac2657152e25f570ddc4a510faa1a_indx.fst,rr.bmi.stroke.e42ac2657152e25f570ddc4a510faa1a.indx.fst,/home/ckyprid/My_Models/IMPACTncd_Engl/simulation/rr,/simulation/rr
rr_bmi~stroke_e42ac2657152e25f570ddc4a510faa1a_l.fst,rr.bmi.stroke.e42ac2657152e25f570ddc4a510faa1a.l.fst,/home/ckyprid/My_Models/IMPACTncd_Engl/simulation/rr,/simulation/rr
rr_bmi~t2dm_c6f7dcee7a4152de8c01dc97e2ba201e_indx.fst,rr.bmi.t2dm.c6f7dcee7a4152de8c01dc97e2ba201e.indx.fst,/home/ckyprid/My_Models/IMPACTncd_Engl/simulation/rr,/simulation/rr
rr_bmi~t2dm_c6f7dcee7a4152de8c01dc97e2ba201e_l.fst,rr.bmi.t2dm.c6f7dcee7a4152de8c01dc97e2ba201e.l.fst,/home/ckyprid/My_Models/IMPACTncd_Engl/simulation/rr,/simulation/rr
rr_bpmed~htn_485ecc0e3328a7e373d4cbf48b7978af_indx.fst,rr.bpmed.htn.485ecc0e3328a7e373d4cbf48b7978af.indx.fst,/home/ckyprid/My_Models/IMPACTncd_Engl/simulation/rr,/simulation/rr
rr_bpmed~htn_485ecc0e3328a7e373d4cbf48b7978af_l.fst,rr.bpmed.htn.485ecc0e3328a7e373d4cbf48b7978af.l.fst,/home/ckyprid/My_Models/IMPACTncd_Engl/simulation/rr,/simulation/rr
rr_ets~breast_ca_1de277dd8f08dcf2270e904f801c1245_indx.fst,rr.ets.breast.ca.1de277dd8f08dcf2270e904f801c1245.indx.fst,/home/ckyprid/My_Models/IMPACTncd_Engl/simulation/rr,/simulation/rr
rr_ets~breast_ca_1de277dd8f08dcf2270e904f801c1245_l.fst,rr.ets.breast.ca.1de277dd8f08dcf2270e904f801c1245.l.fst,/home/ckyprid/My_Models/IMPACTncd_Engl/simulation/rr,/simulation/rr
rr_ets~chd_e9657527dd1ac294f8fef9c20daa977d_indx.fst,rr.ets.chd.e9657527dd1ac294f8fef9c20daa977d.indx.fst,/home/ckyprid/My_Models/IMPACTncd_Engl/simulation/rr,/simulation/rr
rr_ets~chd_e9657527dd1ac294f8fef9c20daa977d_l.fst,rr.ets.chd.e9657527dd1ac294f8fef9c20daa977d.l.fst,/home/ckyprid/My_Models/IMPACTncd_Engl/simulation/rr,/simulation/rr
rr_ets~copd_f9415a4ea0ee97a184049f2e4af579ed_indx.fst,rr.ets.copd.f9415a4ea0ee97a184049f2e4af579ed.indx.fst,/home/ckyprid/My_Models/IMPACTncd_Engl/simulation/rr,/simulation/rr
rr_ets~copd_f9415a4ea0ee97a184049f2e4af579ed_l.fst,rr.ets.copd.f9415a4ea0ee97a184049f2e4af579ed.l.fst,/home/ckyprid/My_Models/IMPACTncd_Engl/simulation/rr,/simulation/rr
rr_ets~lung_ca_0be56f7add76a87c91bcf52950a85c11_indx.fst,rr.ets.lung.ca.0be56f7add76a87c91bcf52950a85c11.indx.fst,/home/ckyprid/My_Models/IMPACTncd_Engl/simulation/rr,/simulation/rr
rr_ets~lung_ca_0be56f7add76a87c91bcf52950a85c11_l.fst,rr.ets.lung.ca.0be56f7add76a87c91bcf52950a85c11.l.fst,/home/ckyprid/My_Models/IMPACTncd_Engl/simulation/rr,/simulation/rr
rr_ets~stroke_421eba9818812bf7991bde942c0a7d76_indx.fst,rr.ets.stroke.421eba9818812bf7991bde942c0a7d76.indx.fst,/home/ckyprid/My_Models/IMPACTncd_Engl/simulation/rr,/simulation/rr
rr_ets~stroke_421eba9818812bf7991bde942c0a7d76_l.fst,rr.ets.stroke.421eba9818812bf7991bde942c0a7d76.l.fst,/home/ckyprid/My_Models/IMPACTncd_Engl/simulation/rr,/simulation/rr
rr_ets~t2dm_c5f8310c480c7cf936946599f67708d8_indx.fst,rr.ets.t2dm.c5f8310c480c7cf936946599f67708d8.indx.fst,/home/ckyprid/My_Models/IMPACTncd_Engl/simulation/rr,/simulation/rr
rr_ets~t2dm_c5f8310c480c7cf936946599f67708d8_l.fst,rr.ets.t2dm.c5f8310c480c7cf936946599f67708d8.l.fst,/home/ckyprid/My_Models/IMPACTncd_Engl/simulation/rr,/simulation/rr
rr_fruit~chd_1bac9a8cbe520e731cf7b586b414ac50_indx.fst,rr.fruit.chd.1bac9a8cbe520e731cf7b586b414ac50.indx.fst,/home/ckyprid/My_Models/IMPACTncd_Engl/simulation/rr,/simulation/rr
rr_fruit~chd_1bac9a8cbe520e731cf7b586b414ac50_l.fst,rr.fruit.chd.1bac9a8cbe520e731cf7b586b414ac50.l.fst,/home/ckyprid/My_Models/IMPACTncd_Engl/simulation/rr,/simulation/rr
rr_fruit~lung_ca_861d1d64b8701e82ad378381539290df_indx.fst,rr.fruit.lung.ca.861d1d64b8701e82ad378381539290df.indx.fst,/home/ckyprid/My_Models/IMPACTncd_Engl/simulation/rr,/simulation/rr
rr_fruit~lung_ca_861d1d64b8701e82ad378381539290df_l.fst,rr.fruit.lung.ca.861d1d64b8701e82ad378381539290df.l.fst,/home/ckyprid/My_Models/IMPACTncd_Engl/simulation/rr,/simulation/rr
rr_fruit~stroke_59d3d2f793d765438a428d1719ec0ebb_indx.fst,rr.fruit.stroke.59d3d2f793d765438a428d1719ec0ebb.indx.fst,/home/ckyprid/My_Models/IMPACTncd_Engl/simulation/rr,/simulation/rr
rr_fruit~stroke_59d3d2f793d765438a428d1719ec0ebb_l.fst,rr.fruit.stroke.59d3d2f793d765438a428d1719ec0ebb.l.fst,/home/ckyprid/My_Models/IMPACTncd_Engl/simulation/rr,/simulation/rr
rr_fruit~t2dm_cb10745f05ede53ed1f3aedfc090b39b_indx.fst,rr.fruit.t2dm.cb10745f05ede53ed1f3aedfc090b39b.indx.fst,/home/ckyprid/My_Models/IMPACTncd_Engl/simulation/rr,/simulation/rr
rr_fruit~t2dm_cb10745f05ede53ed1f3aedfc090b39b_l.fst,rr.fruit.t2dm.cb10745f05ede53ed1f3aedfc090b39b.l.fst,/home/ckyprid/My_Models/IMPACTncd_Engl/simulation/rr,/simulation/rr
rr_met~t2dm_58ab76d4d66b75ffb589d5bc40712202_indx.fst,rr.met.t2dm.58ab76d4d66b75ffb589d5bc40712202.indx.fst,/home/ckyprid/My_Models/IMPACTncd_Engl/simulation/rr,/simulation/rr
rr_met~t2dm_58ab76d4d66b75ffb589d5bc40712202_l.fst,rr.met.t2dm.58ab76d4d66b75ffb589d5bc40712202.l.fst,/home/ckyprid/My_Models/IMPACTncd_Engl/simulation/rr,/simulation/rr
rr_sbp~af_a11402d3837109306f95ca5e9d5017d0_indx.fst,rr.sbp.af.a11402d3837109306f95ca5e9d5017d0.indx.fst,/home/ckyprid/My_Models/IMPACTncd_Engl/simulation/rr,/simulation/rr
rr_sbp~af_a11402d3837109306f95ca5e9d5017d0_l.fst,rr.sbp.af.a11402d3837109306f95ca5e9d5017d0.l.fst,/home/ckyprid/My_Models/IMPACTncd_Engl/simulation/rr,/simulation/rr
rr_sbp~chd_4e5b35bdf3ea51bb946f51478293d8e0_indx.fst,rr.sbp.chd.4e5b35bdf3ea51bb946f51478293d8e0.indx.fst,/home/ckyprid/My_Models/IMPACTncd_Engl/simulation/rr,/simulation/rr
rr_sbp~chd_4e5b35bdf3ea51bb946f51478293d8e0_l.fst,rr.sbp.chd.4e5b35bdf3ea51bb946f51478293d8e0.l.fst,/home/ckyprid/My_Models/IMPACTncd_Engl/simulation/rr,/simulation/rr
rr_sbp~ckd_539dc4695c71b06f355753eb732a0901_indx.fst,rr.sbp.ckd.539dc4695c71b06f355753eb732a0901.indx.fst,/home/ckyprid/My_Models/IMPACTncd_Engl/simulation/rr,/simulation/rr
rr_sbp~ckd_539dc4695c71b06f355753eb732a0901_l.fst,rr.sbp.ckd.539dc4695c71b06f355753eb732a0901.l.fst,/home/ckyprid/My_Models/IMPACTncd_Engl/simulation/rr,/simulation/rr
rr_sbp~htn_a8b3dadc952d0ba8d9e97f13833075e8_indx.fst,rr.sbp.htn.a8b3dadc952d0ba8d9e97f13833075e8.indx.fst,/home/ckyprid/My_Models/IMPACTncd_Engl/simulation/rr,/simulation/rr
rr_sbp~htn_a8b3dadc952d0ba8d9e97f13833075e8_l.fst,rr.sbp.htn.a8b3dadc952d0ba8d9e97f13833075e8.l.fst,/home/ckyprid/My_Models/IMPACTncd_Engl/simulation/rr,/simulation/rr
rr_sbp~nonmodelled_720a0b145cc536bc2a8bd02414b275ed_indx.fst,rr.sbp.nonmodelled.720a0b145cc536bc2a8bd02414b275ed.indx.fst,/home/ckyprid/My_Models/IMPACTncd_Engl/simulation/rr,/simulation/rr
rr_sbp~nonmodelled_720a0b145cc536bc2a8bd02414b275ed_l.fst,rr.sbp.nonmodelled.720a0b145cc536bc2a8bd02414b275ed.l.fst,/home/ckyprid/My_Models/IMPACTncd_Engl/simulation/rr,/simulation/rr
rr_sbp~stroke_1f16465e12c97eba782e8af6419218bb_indx.fst,rr.sbp.stroke.1f16465e12c97eba782e8af6419218bb.indx.fst,/home/ckyprid/My_Models/IMPACTncd_Engl/simulation/rr,/simulation/rr
rr_sbp~stroke_1f16465e12c97eba782e8af6419218bb_l.fst,rr.sbp.stroke.1f16465e12c97eba782e8af6419218bb.l.fst,/home/ckyprid/My_Models/IMPACTncd_Engl/simulation/rr,/simulation/rr
rr_smok_cig~af_a016dc0e5753148d97edac5d0a73bd75_indx.fst,rr.smok.cig.af.a016dc0e5753148d97edac5d0a73bd75.indx.fst,/home/ckyprid/My_Models/IMPACTncd_Engl/simulation/rr,/simulation/rr
rr_smok_cig~af_a016dc0e5753148d97edac5d0a73bd75_l.fst,rr.smok.cig.af.a016dc0e5753148d97edac5d0a73bd75.l.fst,/home/ckyprid/My_Models/IMPACTncd_Engl/simulation/rr,/simulation/rr
rr_smok_cig~asthma_06b19bad77f158a26df1066b36bd803f_indx.fst,rr.smok.cig.asthma.06b19bad77f158a26df1066b36bd803f.indx.fst,/home/ckyprid/My_Models/IMPACTncd_Engl/simulation/rr,/simulation/rr
rr_smok_cig~asthma_06b19bad77f158a26df1066b36bd803f_l.fst,rr.smok.cig.asthma.06b19bad77f158a26df1066b36bd803f.l.fst,/home/ckyprid/My_Models/IMPACTncd_Engl/simulation/rr,/simulation/rr
rr_smok_cig~chd_46645c5b07c26b664603f22a24ce123f_indx.fst,rr.smok.cig.chd.46645c5b07c26b664603f22a24ce123f.indx.fst,/home/ckyprid/My_Models/IMPACTncd_Engl/simulation/rr,/simulation/rr
rr_smok_cig~chd_46645c5b07c26b664603f22a24ce123f_l.fst,rr.smok.cig.chd.46645c5b07c26b664603f22a24ce123f.l.fst,/home/ckyprid/My_Models/IMPACTncd_Engl/simulation/rr,/simulation/rr
rr_smok_cig~dementia_82c5ec00adc6d5c134ef86a90acbe59a_indx.fst,rr.smok.cig.dementia.82c5ec00adc6d5c134ef86a90acbe59a.indx.fst,/home/ckyprid/My_Models/IMPACTncd_Engl/simulation/rr,/simulation/rr
rr_smok_cig~dementia_82c5ec00adc6d5c134ef86a90acbe59a_l.fst,rr.smok.cig.dementia.82c5ec00adc6d5c134ef86a90acbe59a.l.fst,/home/ckyprid/My_Models/IMPACTncd_Engl/simulation/rr,/simulation/rr
rr_smok_cig~prostate_ca_491d75ed724bf02461717ea57310c8e4_indx.fst,rr.smok.cig.prostate.ca.491d75ed724bf02461717ea57310c8e4.indx.fst,/home/ckyprid/My_Models/IMPACTncd_Engl/simulation/rr,/simulation/rr
rr_smok_cig~prostate_ca_491d75ed724bf02461717ea57310c8e4_l.fst,rr.smok.cig.prostate.ca.491d75ed724bf02461717ea57310c8e4.l.fst,/home/ckyprid/My_Models/IMPACTncd_Engl/simulation/rr,/simulation/rr
rr_smok_cig~stroke_0900064a79894dfee3db58d8a60826a8_indx.fst,rr.smok.cig.stroke.0900064a79894dfee3db58d8a60826a8.indx.fst,/home/ckyprid/My_Models/IMPACTncd_Engl/simulation/rr,/simulation/rr
rr_smok_cig~stroke_0900064a79894dfee3db58d8a60826a8_l.fst,rr.smok.cig.stroke.0900064a79894dfee3db58d8a60826a8.l.fst,/home/ckyprid/My_Models/IMPACTncd_Engl/simulation/rr,/simulation/rr
rr_smok_cig~t2dm_9dbcc556b95c4e70fd78c51ef4c37e59_indx.fst,rr.smok.cig.t2dm.9dbcc556b95c4e70fd78c51ef4c37e59.indx.fst,/home/ckyprid/My_Models/IMPACTncd_Engl/simulation/rr,/simulation/rr
rr_smok_cig~t2dm_9dbcc556b95c4e70fd78c51ef4c37e59_l.fst,rr.smok.cig.t2dm.9dbcc556b95c4e70fd78c51ef4c37e59.l.fst,/home/ckyprid/My_Models/IMPACTncd_Engl/simulation/rr,/simulation/rr
rr_smok_packyrs~breast_ca_26e1d7e59ad29aa276646e0a35ebc271_indx.fst,rr.smok.packyrs.breast.ca.26e1d7e59ad29aa276646e0a35ebc271.indx.fst,/home/ckyprid/My_Models/IMPACTncd_Engl/simulation/rr,/simulation/rr
rr_smok_packyrs~breast_ca_26e1d7e59ad29aa276646e0a35ebc271_l.fst,rr.smok.packyrs.breast.ca.26e1d7e59ad29aa276646e0a35ebc271.l.fst,/home/ckyprid/My_Models/IMPACTncd_Engl/simulation/rr,/simulation/rr
rr_smok_packyrs~colorectal_ca_180f6c4eb4d370ee4b58997b044ccb4e_indx.fst,rr.smok.packyrs.colorect.ca.180f6c4eb4d370ee4b58997b044ccb4e.indx.fst,/home/ckyprid/My_Models/IMPACTncd_Engl/simulation/rr,/simulation/rr
rr_smok_packyrs~colorectal_ca_180f6c4eb4d370ee4b58997b044ccb4e_l.fst,rr.smok.packyrs.colorect.ca.180f6c4eb4d370ee4b58997b044ccb4e.l.fst,/home/ckyprid/My_Models/IMPACTncd_Engl/simulation/rr,/simulation/rr
rr_smok_packyrs~copd_9620e02c024a6df56b96965c09e17073_indx.fst,rr.smok.packyrs.copd.9620e02c024a6df56b96965c09e17073.indx.fst,/home/ckyprid/My_Models/IMPACTncd_Engl/simulation/rr,/simulation/rr
rr_smok_packyrs~copd_9620e02c024a6df56b96965c09e17073_l.fst,rr.smok.packyrs.copd.9620e02c024a6df56b96965c09e17073.l.fst,/home/ckyprid/My_Models/IMPACTncd_Engl/simulation/rr,/simulation/rr
rr_smok_packyrs~lung_ca_4fd9958891b93b2be4adbfc4993100d0_indx.fst,rr.smok.packyrs.lung.ca.4fd9958891b93b2be4adbfc4993100d0.indx.fst,/home/ckyprid/My_Models/IMPACTncd_Engl/simulation/rr,/simulation/rr
rr_smok_packyrs~lung_ca_4fd9958891b93b2be4adbfc4993100d0_l.fst,rr.smok.packyrs.lung.ca.4fd9958891b93b2be4adbfc4993100d0.l.fst,/home/ckyprid/My_Models/IMPACTncd_Engl/simulation/rr,/simulation/rr
rr_smok_quit_yrs~af_006a5619755a8fbe3250154e9d54c8d8_indx.fst,rr.smok.quit.yrs.af.006a5619755a8fbe3250154e9d54c8d8.indx.fst,/home/ckyprid/My_Models/IMPACTncd_Engl/simulation/rr,/simulation/rr
rr_smok_quit_yrs~af_006a5619755a8fbe3250154e9d54c8d8_l.fst,rr.smok.quit.yrs.af.006a5619755a8fbe3250154e9d54c8d8.l.fst,/home/ckyprid/My_Models/IMPACTncd_Engl/simulation/rr,/simulation/rr
rr_smok_quit_yrs~asthma_2664fb4b68593628b9fec44525f9e8fc_indx.fst,rr.smok.quit.yrs.asthma.2664fb4b68593628b9fec44525f9e8fc.indx.fst,/home/ckyprid/My_Models/IMPACTncd_Engl/simulation/rr,/simulation/rr
rr_smok_quit_yrs~asthma_2664fb4b68593628b9fec44525f9e8fc_l.fst,rr.smok.quit.yrs.asthma.2664fb4b68593628b9fec44525f9e8fc.l.fst,/home/ckyprid/My_Models/IMPACTncd_Engl/simulation/rr,/simulation/rr
rr_smok_quit_yrs~breast_ca_f4014369f39a74672045abeee7e15725_indx.fst,rr.smok.quit.yrs.breast.ca.f4014369f39a74672045abeee7e15725.indx.fst,/home/ckyprid/My_Models/IMPACTncd_Engl/simulation/rr,/simulation/rr
rr_smok_quit_yrs~breast_ca_f4014369f39a74672045abeee7e15725_l.fst,rr.smok.quit.yrs.breast.ca.f4014369f39a74672045abeee7e15725.l.fst,/home/ckyprid/My_Models/IMPACTncd_Engl/simulation/rr,/simulation/rr
rr_smok_quit_yrs~chd_0178fdc99eec5ed34a8befe2a1dbb8bc_indx.fst,rr.smok.quit.yrs.chd.0178fdc99eec5ed34a8befe2a1dbb8bc.indx.fst,/home/ckyprid/My_Models/IMPACTncd_Engl/simulation/rr,/simulation/rr
rr_smok_quit_yrs~chd_0178fdc99eec5ed34a8befe2a1dbb8bc_l.fst,rr.smok.quit.yrs.chd.0178fdc99eec5ed34a8befe2a1dbb8bc.l.fst,/home/ckyprid/My_Models/IMPACTncd_Engl/simulation/rr,/simulation/rr
rr_smok_quit_yrs~colorectal_ca_c94ee33d2c159f1ed748be300edc9fc2_indx.fst,rr.smok.quit.yrs.colorect.ca.c94ee33d2c159f1ed748be300edc9fc2.indx.fst,/home/ckyprid/My_Models/IMPACTncd_Engl/simulation/rr,/simulation/rr
rr_smok_quit_yrs~colorectal_ca_c94ee33d2c159f1ed748be300edc9fc2_l.fst,rr.smok.quit.yrs.colorect.ca.c94ee33d2c159f1ed748be300edc9fc2.l.fst,/home/ckyprid/My_Models/IMPACTncd_Engl/simulation/rr,/simulation/rr
rr_smok_quit_yrs~copd_3af42aff5eceb0a221aa5f2dcac970a8_indx.fst,rr.smok.quit.yrs.copd.3af42aff5eceb0a221aa5f2dcac970a8.indx.fst,/home/ckyprid/My_Models/IMPACTncd_Engl/simulation/rr,/simulation/rr
rr_smok_quit_yrs~copd_3af42aff5eceb0a221aa5f2dcac970a8_l.fst,rr.smok.quit.yrs.copd.3af42aff5eceb0a221aa5f2dcac970a8.l.fst,/home/ckyprid/My_Models/IMPACTncd_Engl/simulation/rr,/simulation/rr
rr_smok_quit_yrs~dementia_b286bd6a9508e9c2269f50e9473b75a7_indx.fst,rr.smok.quit.yrs.dementia.b286bd6a9508e9c2269f50e9473b75a7.indx.fst,/home/ckyprid/My_Models/IMPACTncd_Engl/simulation/rr,/simulation/rr
rr_smok_quit_yrs~dementia_b286bd6a9508e9c2269f50e9473b75a7_l.fst,rr.smok.quit.yrs.dementia.b286bd6a9508e9c2269f50e9473b75a7.l.fst,/home/ckyprid/My_Models/IMPACTncd_Engl/simulation/rr,/simulation/rr
rr_smok_quit_yrs~lung_ca_c3e97adca834cd0a70a42d42a4519608_indx.fst,rr.smok.quit.yrs.lung.ca.c3e97adca834cd0a70a42d42a4519608.indx.fst,/home/ckyprid/My_Models/IMPACTncd_Engl/simulation/rr,/simulation/rr
rr_smok_quit_yrs~lung_ca_c3e97adca834cd0a70a42d42a4519608_l.fst,rr.smok.quit.yrs.lung.ca.c3e97adca834cd0a70a42d42a4519608.l.fst,/home/ckyprid/My_Models/IMPACTncd_Engl/simulation/rr,/simulation/rr
rr_smok_quit_yrs~prostate_ca_b36db4b5222281281f4d0b5e10d86d9e_indx.fst,rr.smok.quit.yrs.prostate.ca.b36db4b5222281281f4d0b5e10d86d9e.indx.fst,/home/ckyprid/My_Models/IMPACTncd_Engl/simulation/rr,/simulation/rr
rr_smok_quit_yrs~prostate_ca_b36db4b5222281281f4d0b5e10d86d9e_l.fst,rr.smok.quit.yrs.prostate.ca.b36db4b5222281281f4d0b5e10d86d9e.l.fst,/home/ckyprid/My_Models/IMPACTncd_Engl/simulation/rr,/simulation/rr
rr_smok_quit_yrs~stroke_a259676bb90c9b3789e5ec08e7ad40f9_indx.fst,rr.smok.quit.yrs.stroke.a259676bb90c9b3789e5ec08e7ad40f9.indx.fst,/home/ckyprid/My_Models/IMPACTncd_Engl/simulation/rr,/simulation/rr
rr_smok_quit_yrs~stroke_a259676bb90c9b3789e5ec08e7ad40f9_l.fst,rr.smok.quit.yrs.stroke.a259676bb90c9b3789e5ec08e7ad40f9.l.fst,/home/ckyprid/My_Models/IMPACTncd_Engl/simulation/rr,/simulation/rr
rr_smok_quit_yrs~t2dm_0671b26029eb62460446b246c64d22e6_indx.fst,rr.smok.quit.yrs.t2dm.0671b26029eb62460446b246c64d22e6.indx.fst,/home/ckyprid/My_Models/IMPACTncd_Engl/simulation/rr,/simulation/rr
rr_smok_quit_yrs~t2dm_0671b26029eb62460446b246c64d22e6_l.fst,rr.smok.quit.yrs.t2dm.0671b26029eb62460446b246c64d22e6.l.fst,/home/ckyprid/My_Models/IMPACTncd_Engl/simulation/rr,/simulation/rr
rr_smok_status~chd_173d40ab178c467d1b29032cd46b9cb1_indx.fst,rr.smok.status.chd.173d40ab178c467d1b29032cd46b9cb1.indx.fst,/home/ckyprid/My_Models/IMPACTncd_Engl/simulation/rr,/simulation/rr
rr_smok_status~chd_173d40ab178c467d1b29032cd46b9cb1_l.fst,rr.smok.status.chd.173d40ab178c467d1b29032cd46b9cb1.l.fst,/home/ckyprid/My_Models/IMPACTncd_Engl/simulation/rr,/simulation/rr
rr_smok_status~nonmodelled_cdd226da827f6ae02bb51d0f66d3c4c0_indx.fst,rr.smok.status.nonmodelled.cdd226da827f6ae02bb51d0f66d3c4c0.indx.fst,/home/ckyprid/My_Models/IMPACTncd_Engl/simulation/rr,/simulation/rr
rr_smok_status~nonmodelled_cdd226da827f6ae02bb51d0f66d3c4c0_l.fst,rr.smok.status.nonmodelled.cdd226da827f6ae02bb51d0f66d3c4c0.l.fst,/home/ckyprid/My_Models/IMPACTncd_Engl/simulation/rr,/simulation/rr
rr_smok_status~stroke_a9528542c509f3699754e752c57d5cdd_indx.fst,rr.smok.status.stroke.a9528542c509f3699754e752c57d5cdd.indx.fst,/home/ckyprid/My_Models/IMPACTncd_Engl/simulation/rr,/simulation/rr
rr_smok_status~stroke_a9528542c509f3699754e752c57d5cdd_l.fst,rr.smok.status.stroke.a9528542c509f3699754e752c57d5cdd.l.fst,/home/ckyprid/My_Models/IMPACTncd_Engl/simulation/rr,/simulation/rr
rr_statin_px~t2dm_cc1e9e9290a7a9c1c03eed9e2549f0c6_indx.fst,rr.statin.px.t2dm.cc1e9e9290a7a9c1c03eed9e2549f0c6.indx.fst,/home/ckyprid/My_Models/IMPACTncd_Engl/simulation/rr,/simulation/rr
rr_statin_px~t2dm_cc1e9e9290a7a9c1c03eed9e2549f0c6_l.fst,rr.statin.px.t2dm.cc1e9e9290a7a9c1c03eed9e2549f0c6.l.fst,/home/ckyprid/My_Models/IMPACTncd_Engl/simulation/rr,/simulation/rr
rr_statins~tchol_71345381145483b5cf8b269b526d3ad4_indx.fst,rr.statins.tchol.71345381145483b5cf8b269b526d3ad4.indx.fst,/home/ckyprid/My_Models/IMPACTncd_Engl/simulation/rr,/simulation/rr
rr_statins~tchol_71345381145483b5cf8b269b526d3ad4_l.fst,rr.statins.tchol.71345381145483b5cf8b269b526d3ad4.l.fst,/home/ckyprid/My_Models/IMPACTncd_Engl/simulation/rr,/simulation/rr
rr_t2dm_prvl~breast_ca_63d2c21adc5e7ef561c03a4b50eba689_indx.fst,rr.t2dm.prvl.breast.ca.63d2c21adc5e7ef561c03a4b50eba689.indx.fst,/home/ckyprid/My_Models/IMPACTncd_Engl/simulation/rr,/simulation/rr
rr_t2dm_prvl~breast_ca_63d2c21adc5e7ef561c03a4b50eba689_l.fst,rr.t2dm.prvl.breast.ca.63d2c21adc5e7ef561c03a4b50eba689.l.fst,/home/ckyprid/My_Models/IMPACTncd_Engl/simulation/rr,/simulation/rr
rr_t2dm_prvl~chd_648084c4a271a65b4fe243b628ffe573_indx.fst,rr.t2dm.prvl.chd.648084c4a271a65b4fe243b628ffe573.indx.fst,/home/ckyprid/My_Models/IMPACTncd_Engl/simulation/rr,/simulation/rr
rr_t2dm_prvl~chd_648084c4a271a65b4fe243b628ffe573_l.fst,rr.t2dm.prvl.chd.648084c4a271a65b4fe243b628ffe573.l.fst,/home/ckyprid/My_Models/IMPACTncd_Engl/simulation/rr,/simulation/rr
rr_t2dm_prvl~colon_ca_95df066d43f1ef2f0e45957e4fb2ffcb_indx.fst,rr.t2dm.prvl.colon.ca.95df066d43f1ef2f0e45957e4fb2ffcb.indx.fst,/home/ckyprid/My_Models/IMPACTncd_Engl/simulation/rr,/simulation/rr
rr_t2dm_prvl~colon_ca_95df066d43f1ef2f0e45957e4fb2ffcb_l.fst,rr.t2dm.prvl.colon.ca.95df066d43f1ef2f0e45957e4fb2ffcb.l.fst,/home/ckyprid/My_Models/IMPACTncd_Engl/simulation/rr,/simulation/rr
rr_t2dm_prvl~colorectal_ca_9d2c37386368c9e1d2cbb30a5d6083df_indx.fst,rr.t2dm.prvl.colorect.ca.9d2c37386368c9e1d2cbb30a5d6083df.indx.fst,/home/ckyprid/My_Models/IMPACTncd_Engl/simulation/rr,/simulation/rr
rr_t2dm_prvl~colorectal_ca_9d2c37386368c9e1d2cbb30a5d6083df_l.fst,rr.t2dm.prvl.colorect.ca.9d2c37386368c9e1d2cbb30a5d6083df.l.fst,/home/ckyprid/My_Models/IMPACTncd_Engl/simulation/rr,/simulation/rr
rr_t2dm_prvl~dementia_b88ee56800083fdcf6f726aeef301499_indx.fst,rr.t2dm.prvl.dementia.b88ee56800083fdcf6f726aeef301499.indx.fst,/home/ckyprid/My_Models/IMPACTncd_Engl/simulation/rr,/simulation/rr
rr_t2dm_prvl~dementia_b88ee56800083fdcf6f726aeef301499_l.fst,rr.t2dm.prvl.dementia.b88ee56800083fdcf6f726aeef301499.l.fst,/home/ckyprid/My_Models/IMPACTncd_Engl/simulation/rr,/simulation/rr
rr_t2dm_prvl~lung_ca_e2bd90ca8e6a8d7944050547c06fe3b1_indx.fst,rr.t2dm.prvl.lung.ca.e2bd90ca8e6a8d7944050547c06fe3b1.indx.fst,/home/ckyprid/My_Models/IMPACTncd_Engl/simulation/rr,/simulation/rr
rr_t2dm_prvl~lung_ca_e2bd90ca8e6a8d7944050547c06fe3b1_l.fst,rr.t2dm.prvl.lung.ca.e2bd90ca8e6a8d7944050547c06fe3b1.l.fst,/home/ckyprid/My_Models/IMPACTncd_Engl/simulation/rr,/simulation/rr
rr_t2dm_prvl~nonmodelled_8ea9e524906c09bfbbbc43a4cd6e0a25_indx.fst,rr.t2dm.prvl.nonmodelled.8ea9e524906c09bfbbbc43a4cd6e0a25.indx.fst,/home/ckyprid/My_Models/IMPACTncd_Engl/simulation/rr,/simulation/rr
rr_t2dm_prvl~nonmodelled_8ea9e524906c09bfbbbc43a4cd6e0a25_l.fst,rr.t2dm.prvl.nonmodelled.8ea9e524906c09bfbbbc43a4cd6e0a25.l.fst,/home/ckyprid/My_Models/IMPACTncd_Engl/simulation/rr,/simulation/rr
rr_t2dm_prvl~stroke_c3e1828e5108682d7d84d0ed8ba326b4_indx.fst,rr.t2dm.prvl.stroke.c3e1828e5108682d7d84d0ed8ba326b4.indx.fst,/home/ckyprid/My_Models/IMPACTncd_Engl/simulation/rr,/simulation/rr
rr_t2dm_prvl~stroke_c3e1828e5108682d7d84d0ed8ba326b4_l.fst,rr.t2dm.prvl.stroke.c3e1828e5108682d7d84d0ed8ba326b4.l.fst,/home/ckyprid/My_Models/IMPACTncd_Engl/simulation/rr,/simulation/rr
rr_tchol~chd_1076be6185e2c6b81f9c0f939502a1e4_indx.fst,rr.tchol.chd.1076be6185e2c6b81f9c0f939502a1e4.indx.fst,/home/ckyprid/My_Models/IMPACTncd_Engl/simulation/rr,/simulation/rr
rr_tchol~chd_1076be6185e2c6b81f9c0f939502a1e4_l.fst,rr.tchol.chd.1076be6185e2c6b81f9c0f939502a1e4.l.fst,/home/ckyprid/My_Models/IMPACTncd_Engl/simulation/rr,/simulation/rr
rr_tchol~stroke_518cb420757bb868127c5362f4e81dfd_indx.fst,rr.tchol.stroke.518cb420757bb868127c5362f4e81dfd.indx.fst,/home/ckyprid/My_Models/IMPACTncd_Engl/simulation/rr,/simulation/rr
rr_tchol~stroke_518cb420757bb868127c5362f4e81dfd_l.fst,rr.tchol.stroke.518cb420757bb868127c5362f4e81dfd.l.fst,/home/ckyprid/My_Models/IMPACTncd_Engl/simulation/rr,/simulation/rr
rr_veg~chd_1bac9a8cbe520e731cf7b586b414ac50_indx.fst,rr.veg.chd.1bac9a8cbe520e731cf7b586b414ac50.indx.fst,/home/ckyprid/My_Models/IMPACTncd_Engl/simulation/rr,/simulation/rr
rr_veg~chd_1bac9a8cbe520e731cf7b586b414ac50_l.fst,rr.veg.chd.1bac9a8cbe520e731cf7b586b414ac50.l.fst,/home/ckyprid/My_Models/IMPACTncd_Engl/simulation/rr,/simulation/rr
rr_veg~stroke_59d3d2f793d765438a428d1719ec0ebb_indx.fst,rr.veg.stroke.59d3d2f793d765438a428d1719ec0ebb.indx.fst,/home/ckyprid/My_Models/IMPACTncd_Engl/simulation/rr,/simulation/rr
rr_veg~stroke_59d3d2f793d765438a428d1719ec0ebb_l.fst,rr.veg.stroke.59d3d2f793d765438a428d1719ec0ebb.l.fst,/home/ckyprid/My_Models/IMPACTncd_Engl/simulation/rr,/simulation/rr
sape23dt2mid2020lsoasyoaestimatesunformatted.xlsx,sape23dt2mid2020lsoasyoaestimatesunformatted.xlsx,/home/ckyprid/My_Models/IMPACTncd_Engl/inputs/pop_estimates_lsoa/unprocessed/pop_size,/inputs/pop_estimates_lsoa/unprocessed/pop_size
sbp_table.fst,sbp.table.fst,/home/ckyprid/My_Models/IMPACTncd_Engl/inputs/exposure_distributions,/inputs/exposure_distributions
smok_cess_table.fst,smok.cess.table.fst,/home/ckyprid/My_Models/IMPACTncd_Engl/inputs/exposure_distributions,/inputs/exposure_distributions
smok_cig_curr_table.fst,smok.cig.curr.table.fst,/home/ckyprid/My_Models/IMPACTncd_Engl/inputs/exposure_distributions,/inputs/exposure_distributions
smok_cig_ex_table.fst,smok.cig.ex.table.fst,/home/ckyprid/My_Models/IMPACTncd_Engl/inputs/exposure_distributions,/inputs/exposure_distributions
smok_dur_curr_table.fst,smok.dur.curr.table.fst,/home/ckyprid/My_Models/IMPACTncd_Engl/inputs/exposure_distributions,/inputs/exposure_distributions
smok_dur_ex_table.fst,smok.dur.ex.table.fst,/home/ckyprid/My_Models/IMPACTncd_Engl/inputs/exposure_distributions,/inputs/exposure_distributions
smok_incid_table.fst,smok.incid.table.fst,/home/ckyprid/My_Models/IMPACTncd_Engl/inputs/exposure_distributions,/inputs/exposure_distributions
smok_quit_yrs_table.fst,smok.quit.yrs.table.fst,/home/ckyprid/My_Models/IMPACTncd_Engl/inputs/exposure_distributions,/inputs/exposure_distributions
smok_relapse_table.fst,smok.relapse.table.fst,/home/ckyprid/My_Models/IMPACTncd_Engl/inputs/exposure_distributions,/inputs/exposure_distributions
smok_status_table.fst,smok.status.table.fst,/home/ckyprid/My_Models/IMPACTncd_Engl/inputs/exposure_distributions,/inputs/exposure_distributions
statin_px_table.fst,statin.px.table.fst,/home/ckyprid/My_Models/IMPACTncd_Engl/inputs/exposure_distributions,/inputs/exposure_distributions
stroke_dur.fst,stroke.dur.fst,/home/ckyprid/My_Models/IMPACTncd_Engl/inputs/disease_burden,/inputs/disease_burden
stroke_duration_table.fst,stroke.duration.table.fst,/home/ckyprid/My_Models/IMPACTncd_Engl/inputs/exposure_distributions,/inputs/exposure_distributions
stroke_ftlt.fst,stroke.ftlt.fst,/home/ckyprid/My_Models/IMPACTncd_Engl/inputs/disease_burden,/inputs/disease_burden
stroke_ftlt_indx.fst,stroke.ftlt.indx.fst,/home/ckyprid/My_Models/IMPACTncd_Engl/inputs/disease_burden,/inputs/disease_burden
stroke_incd.fst,stroke.incd.fst,/home/ckyprid/My_Models/IMPACTncd_Engl/inputs/disease_burden,/inputs/disease_burden
stroke_incd_indx.fst,stroke.incd.indx.fst,/home/ckyprid/My_Models/IMPACTncd_Engl/inputs/disease_burden,/inputs/disease_burden
stroke_prevalence_table.fst,stroke.prevalence.table.fst,/home/ckyprid/My_Models/IMPACTncd_Engl/inputs/exposure_distributions,/inputs/exposure_distributions
stroke_prvl.fst,stroke.prvl.fst,/home/ckyprid/My_Models/IMPACTncd_Engl/inputs/disease_burden,/inputs/disease_burden
stroke_prvl_indx.fst,stroke.prvl.indx.fst,/home/ckyprid/My_Models/IMPACTncd_Engl/inputs/disease_burden,/inputs/disease_burden
t1dm_dur.fst,t1dm.dur.fst,/home/ckyprid/My_Models/IMPACTncd_Engl/inputs/disease_burden,/inputs/disease_burden
t1dm_ftlt.fst,t1dm.ftlt.fst,/home/ckyprid/My_Models/IMPACTncd_Engl/inputs/disease_burden,/inputs/disease_burden
t1dm_ftlt_indx.fst,t1dm.ftlt.indx.fst,/home/ckyprid/My_Models/IMPACTncd_Engl/inputs/disease_burden,/inputs/disease_burden
t1dm_incd.fst,t1dm.incd.fst,/home/ckyprid/My_Models/IMPACTncd_Engl/inputs/disease_burden,/inputs/disease_burden
t1dm_incd_indx.fst,t1dm.incd.indx.fst,/home/ckyprid/My_Models/IMPACTncd_Engl/inputs/disease_burden,/inputs/disease_burden
t1dm_prvl.fst,t1dm.prvl.fst,/home/ckyprid/My_Models/IMPACTncd_Engl/inputs/disease_burden,/inputs/disease_burden
t1dm_prvl_indx.fst,t1dm.prvl.indx.fst,/home/ckyprid/My_Models/IMPACTncd_Engl/inputs/disease_burden,/inputs/disease_burden
t2dm_dur.fst,t2dm.dur.fst,/home/ckyprid/My_Models/IMPACTncd_Engl/inputs/disease_burden,/inputs/disease_burden
t2dm_ftlt.fst,t2dm.ftlt.fst,/home/ckyprid/My_Models/IMPACTncd_Engl/inputs/disease_burden,/inputs/disease_burden
t2dm_ftlt_indx.fst,t2dm.ftlt.indx.fst,/home/ckyprid/My_Models/IMPACTncd_Engl/inputs/disease_burden,/inputs/disease_burden
t2dm_incd.fst,t2dm.incd.fst,/home/ckyprid/My_Models/IMPACTncd_Engl/inputs/disease_burden,/inputs/disease_burden
t2dm_incd_indx.fst,t2dm.incd.indx.fst,/home/ckyprid/My_Models/IMPACTncd_Engl/inputs/disease_burden,/inputs/disease_burden
t2dm_prvl.fst,t2dm.prvl.fst,/home/ckyprid/My_Models/IMPACTncd_Engl/inputs/disease_burden,/inputs/disease_burden
t2dm_prvl_indx.fst,t2dm.prvl.indx.fst,/home/ckyprid/My_Models/IMPACTncd_Engl/inputs/disease_burden,/inputs/disease_burden
tchol_table.fst,tchol.table.fst,/home/ckyprid/My_Models/IMPACTncd_Engl/inputs/exposure_distributions,/inputs/exposure_distributions
vegpor_table.fst,vegpor.table.fst,/home/ckyprid/My_Models/IMPACTncd_Engl/inputs/exposure_distributions,/inputs/exposure_distributions
